baseline,                                                                                          3,   0,   0,   0,  20,  62, 114,   4,   0,   0,   0,   0,   0,   0,  0,   0,   0,   0,   0,   0,   0,   0,   0,   0,   0,   0,   0,   0,  0,   0,   0,   0,   0,   0,   0,   0,   0,   0,   0,   0,   0,   0,  0,   0,   0,   0,   0,   0,   0,   0,   0,   0,   0,   0,   0,   0,  0,   0,   0,   0,   0,   0,   0,   0,   0,   0,   0,   0,   0,   0,  0,   0,   0,   0,   0,   0,   0,   0,   0,   0,   0,   0,   0,   0,  0,   0,   0,   0,   0,   0,   0,
gdocs-listen-to-writing-diff,                                                                      0, 185,   0,   0,   0,   0,   0,   0,   0,   0,   0,   0,   0,   0,  0,   0,   0,   0,   0,   0,   0,   3,   2,   2,   3,   2,   0,   0,  0,   0,   0,   0,   0,   0,   2,   0,   0,   0,   0,   0,   0,   0,  1,   0,   0,   0,   0,   0,   0,   0,   0,   0,   0,   0,   0,   0,  0,   0,   0,   0,   0,   0,   0,   0,   0,   0,   0,   0,   0,   0,  0,   0,   0,   0,   0,   0,   0,   0,   0,   0,   0,   0,   0,   0,  0,   0,   0,   0,   0,   0,   0,
wget-google,                                                                                       0,   0,  94,   0,   0,   0,   1,   0,   0, 104,   0,   0,   0,   0,  0,   0,   0,   0,   0,   0,   0,   0,   0,   0,   0,   0,   0,   0,  0,   0,   0,   0,   0,   0,   0,   0,   0,   0,   0,   0,   0,   0,  0,   0,   0,   0,   0,   0,   0,   0,   0,   0,   0,   0,   0,   0,  0,   0,   0,   0,   0,   0,   0,   0,   0,   0,   0,   0,   1,   0,  0,   0,   0,   0,   0,   0,   0,   0,   0,   0,   0,   0,   0,   0,  0,   0,   0,   0,   0,   0,   0,
wget-multiple,                                                                                     0,   0,   0,   1,  24,  55, 113,   6,   0,   0,   0,   0,   0,   0,  0,   0,   0,   0,   0,   0,   0,   0,   0,   0,   0,   0,   0,   0,  0,   0,   0,   0,   0,   0,   0,   0,   0,   0,   0,   0,   0,   0,  0,   0,   0,   0,   0,   1,   0,   0,   0,   0,   0,   0,   0,   0,  0,   0,   0,   0,   0,   0,   0,   0,   0,   0,   0,   0,   0,   0,  0,   0,   0,   0,   0,   0,   0,   0,   0,   0,   0,   0,   0,   0,  0,   0,   0,   0,   0,   0,   0,
regular-wget,                                                                                      0,   0,   0,   0,  34,  66,  89,   8,   0,   0,   0,   0,   0,   0,  0,   0,   0,   0,   0,   0,   0,   0,   0,   0,   0,   0,   0,   0,  0,   0,   0,   0,   0,   0,   0,   0,   0,   0,   0,   0,   0,   0,  0,   0,   0,   0,   0,   3,   0,   0,   0,   0,   0,   0,   0,   0,  0,   0,   0,   0,   0,   0,   0,   0,   0,   0,   0,   0,   0,   0,  0,   0,   0,   0,   0,   0,   0,   0,   0,   0,   0,   0,   0,   0,  0,   0,   0,   0,   0,   0,   0,
scp-linux,                                                                                         0,   0,   0,   0,  17,  65, 109,   8,   0,   0,   0,   0,   0,   0,  0,   0,   0,   0,   0,   0,   0,   0,   0,   0,   0,   0,   0,   0,  0,   0,   0,   0,   0,   0,   0,   0,   0,   0,   0,   0,   0,   0,  0,   0,   0,   0,   0,   1,   0,   0,   0,   0,   0,   0,   0,   0,  0,   0,   0,   0,   0,   0,   0,   0,   0,   0,   0,   0,   0,   0,  0,   0,   0,   0,   0,   0,   0,   0,   0,   0,   0,   0,   0,   0,  0,   0,   0,   0,   0,   0,   0,
wget-wikipedia,                                                                                    0,   0,   0,   0,  26,  58, 115,   1,   0,   0,   0,   0,   0,   0,  0,   0,   0,   0,   0,   0,   0,   0,   0,   0,   0,   0,   0,   0,  0,   0,   0,   0,   0,   0,   0,   0,   0,   0,   0,   0,   0,   0,  0,   0,   0,   0,   0,   0,   0,   0,   0,   0,   0,   0,   0,   0,  0,   0,   0,   0,   0,   0,   0,   0,   0,   0,   0,   0,   0,   0,  0,   0,   0,   0,   0,   0,   0,   0,   0,   0,   0,   0,   0,   0,  0,   0,   0,   0,   0,   0,   0,
facebook-default-route,                                                                            0,   0,   0,   0,   4,  28,  17, 149,   0,   0,   0,   1,   0,   0,  0,   0,   0,   0,   0,   0,   0,   0,   0,   0,   0,   0,   0,   0,  0,   0,   0,   0,   0,   0,   0,   0,   0,   0,   0,   0,   0,   0,  0,   0,   0,   0,   0,   0,   0,   0,   0,   0,   0,   0,   0,   0,  1,   0,   0,   0,   0,   0,   0,   0,   0,   0,   0,   0,   0,   0,  0,   0,   0,   0,   0,   0,   0,   0,   0,   0,   0,   0,   0,   0,  0,   0,   0,   0,   0,   0,   0,
iperf-1M,                                                                                         0,   0,   0,   0,   0,   0,   0,   0, 193,   0,   0,   0,   0,   0,  0,   0,   0,   0,   0,   0,   0,   0,   0,   0,   0,   0,   0,   0,  0,   0,   0,   0,   0,   0,   0,   1,   0,   0,   0,   0,   0,   0,  0,   0,   0,   0,   0,   0,   0,   1,   0,   0,   0,   0,   0,   0,  0,   5,   0,   0,   0,   0,   0,   0,   0,   0,   0,   0,   0,   0,  0,   0,   0,   0,   0,   0,   0,   0,   0,   0,   0,   0,   0,   0,  0,   0,   0,   0,   0,   0,    0,
iperf-100K,                                                                                        0,   0,  94,   0,   0,   0,   0,   0,   0, 105,   0,   0,   0,   0,  0,   0,   0,   0,   0,   0,   0,   0,   0,   0,   0,   0,   0,   0,  0,   0,   0,   0,   0,   0,   0,   0,   0,   0,   0,   0,   0,   0,  0,   0,   0,   0,   0,   0,   0,   0,   0,   0,   0,   0,   0,   0,  0,   0,   0,   0,   0,   0,   0,   0,   0,   0,   0,   0,   1,   0,  0,   0,   0,   0,   0,   0,   0,   0,   0,   0,   0,   0,   0,   0,  0,   0,   0,   0,   0,   0,   0,
iperf-10K,                                                                                         0,   0,   0,   0,   0,   0,   0,   0,   0,   0, 200,   0,   0,   0,  0,   0,   0,   0,   0,   0,   0,   0,   0,   0,   0,   0,   0,   0,  0,   0,   0,   0,   0,   0,   0,   0,   0,   0,   0,   0,   0,   0,  0,   0,   0,   0,   0,   0,   0,   0,   0,   0,   0,   0,   0,   0,  0,   0,   0,   0,   0,   0,   0,   0,   0,   0,   0,   0,   0,   0,  0,   0,   0,   0,   0,   0,   0,   0,   0,   0,   0,   0,   0,   0,  0,   0,   0,   0,   0,   0,   0,
ping-2s-15B,                                                                                       0,   0,   0,   0,   1,  39,  16,   8,   0,   0,   0, 136,   0,   0,  0,   0,   0,   0,   0,   0,   0,   0,   0,   0,   0,   0,   0,   0,  0,   0,   0,   0,   0,   0,   0,   0,   0,   0,   0,   0,   0,   0,  0,   0,   0,   0,   0,   0,   0,   0,   0,   0,   0,   0,   0,   0,  0,   0,   0,   0,   0,   0,   0,   0,   0,   0,   0,   0,   0,   0,  0,   0,   0,   0,   0,   0,   0,   0,   0,   0,   0,   0,   0,   0,  0,   0,   0,   0,   0,   0,   0,
ping-5s-35B,                                                                                       0,   0,   0,   0,   3,   8,  16,   1,   0,   0,   0,   0, 170,   0,  0,   1,   0,   0,   0,   0,   0,   0,   0,   0,   0,   0,   0,   0,  0,   0,   0,   0,   0,   0,   0,   0,   0,   0,   0,   0,   0,   0,  0,   0,   0,   0,   0,   1,   0,   0,   0,   0,   0,   0,   0,   0,  0,   0,   0,   0,   0,   0,   0,   0,   0,   0,   0,   0,   0,   0,  0,   0,   0,   0,   0,   0,   0,   0,   0,   0,   0,   0,   0,   0,  0,   0,   0,   0,   0,   0,   0,
ping-2s-350B,                                                                                      0,   0,   0,   0,   0,   0,   0,   2,   0,   0,   0,   1,   0, 195,  0,   0,   0,   0,   0,   0,   0,   0,   0,   0,   0,   0,   0,   0,  0,   0,   0,   0,   0,   0,   0,   1,   0,   0,   0,   0,   0,   0,  0,   0,   0,   0,   0,   1,   0,   0,   0,   0,   0,   0,   0,   0,  0,   0,   0,   0,   0,   0,   0,   0,   0,   0,   0,   0,   0,   0,  0,   0,   0,   0,   0,   0,   0,   0,   0,   0,   0,   0,   0,   0,  0,   0,   0,   0,   0,   0,   0,
ping-2s-850B,                                                                                      0,   0,   0,   0,   0,   0,   0,   1,   0,   0,   0,   0,   0,   1,  198,   0,   0,   0,   0,   0,   0,   0,   0,   0,   0,   0,   0,   0,  0,   0,   0,   0,   0,   0,   0,   0,   0,   0,   0,   0,   0,   0,  0,   0,   0,   0,   0,   0,   0,   0,   0,   0,   0,   0,   0,   0,  0,   0,   0,   0,   0,   0,   0,   0,   0,   0,   0,   0,   0,   0,  0,   0,   0,   0,   0,   0,   0,   0,   0,   0,   0,   0,   0,   0,  0,   0,   0,   0,   0,   0, 0,
ping-5s-350B,                                                                                      0,   0,   0,   0,   0,   2,   1,   2,   0,   0,   0,   2,   2,   0,  0, 189,   1,   0,   0,   0,   0,   0,   0,   0,   0,   0,   0,   0,  0,   0,   0,   0,   0,   0,   0,   0,   0,   0,   0,   0,   0,   0,  0,   0,   0,   0,   0,   1,   0,   0,   0,   0,   0,   0,   0,   0,  0,   0,   0,   0,   0,   0,   0,   0,   0,   0,   0,   0,   0,   0,  0,   0,   0,   0,   0,   0,   0,   0,   0,   0,   0,   0,   0,   0,  0,   0,   0,   0,   0,   0,   0,
ping-5s-850B,                                                                                      0,   0,   0,   0,   0,   0,   0,   0,   0,   0,   0,   0,   0,   0,  0,   0, 199,   0,   0,   0,   0,   0,   0,   0,   0,   0,   0,   0,  0,   0,   0,   0,   0,   0,   0,   0,   0,   0,   0,   0,   0,   0,  0,   0,   0,   0,   0,   0,   0,   0,   0,   0,   0,   0,   0,   0,  0,   1,   0,   0,   0,   0,   0,   0,   0,   0,   0,   0,   0,   0,  0,   0,   0,   0,   0,   0,   0,   0,   0,   0,   0,   0,   0,   0,  0,   0,   0,   0,   0,   0,   0,
f-iperf-30M-h-iperf-30M,                                                                           0,   0,   0,   0,   0,   0,   0,   0,   0,   0,   0,   0,   0,   0,  0,   0,   0, 200,   0,   0,   0,   0,   0,   0,   0,   0,   0,   0,  0,   0,   0,   0,   0,   0,   0,   0,   0,   0,   0,   0,   0,   0,  0,   0,   0,   0,   0,   0,   0,   0,   0,   0,   0,   0,   0,   0,  0,   0,   0,   0,   0,   0,   0,   0,   0,   0,   0,   0,   0,   0,  0,   0,   0,   0,   0,   0,   0,   0,   0,   0,   0,   0,   0,   0,  0,   0,   0,   0,   0,   0,   0,
f-iperf-40M-h-iperf-40M,                                                                           0,   0,   0,   0,   0,   0,   0,   0,   0,   0,   0,   0,   0,   0,  0,   0,   0,   0, 200,   0,   0,   0,   0,   0,   0,   0,   0,   0,  0,   0,   0,   0,   0,   0,   0,   0,   0,   0,   0,   0,   0,   0,  0,   0,   0,   0,   0,   0,   0,   0,   0,   0,   0,   0,   0,   0,  0,   0,   0,   0,   0,   0,   0,   0,   0,   0,   0,   0,   0,   0,  0,   0,   0,   0,   0,   0,   0,   0,   0,   0,   0,   0,   0,   0,  0,   0,   0,   0,   0,   0,   0,
f-ping-400B-3s-h-iperf-100M,                                                                       0,   0,   0,   0,   0,   0,   0,   0,   0,   0,   0,   0,   0,   0,  0,   0,   0,   0,   0, 176,  24,   0,   0,   0,   0,   0,   0,   0,  0,   0,   0,   0,   0,   0,   0,   0,   0,   0,   0,   0,   0,   0,  0,   0,   0,   0,   0,   0,   0,   0,   0,   0,   0,   0,   0,   0,  0,   0,   0,   0,   0,   0,   0,   0,   0,   0,   0,   0,   0,   0,  0,   0,   0,   0,   0,   0,   0,   0,   0,   0,   0,   0,   0,   0,  0,   0,   0,   0,   0,   0,   0,
f-ping-400B-3s-h-iperf-80M,                                                                        0,   0,   0,   0,   0,   0,   0,   0,   0,   0,   0,   0,   0,   0,  0,   0,   0,   0,   0,  10, 190,   0,   0,   0,   0,   0,   0,   0,  0,   0,   0,   0,   0,   0,   0,   0,   0,   0,   0,   0,   0,   0,  0,   0,   0,   0,   0,   0,   0,   0,   0,   0,   0,   0,   0,   0,  0,   0,   0,   0,   0,   0,   0,   0,   0,   0,   0,   0,   0,   0,  0,   0,   0,   0,   0,   0,   0,   0,   0,   0,   0,   0,   0,   0,  0,   0,   0,   0,   0,   0,   0,
amazon-add-to-cart,                                                                                0,   2,   0,   0,   0,   0,   0,   0,   0,   0,   0,   0,   0,   0,  0,   0,   0,   0,   0,   0,   0, 183,   4,   1,   1,   2,   0,   0,  0,   0,   2,   1,   0,   1,   0,   0,   0,   0,   0,   0,   0,   1,  1,   0,   1,   0,   0,   0,   0,   0,   0,   0,   0,   0,   0,   0,  0,   0,   0,   0,   0,   0,   0,   0,   0,   0,   0,   0,   0,   0,  0,   0,   0,   0,   0,   0,   0,   0,   0,   0,   0,   0,   0,   0,  0,   0,   0,   0,   0,   0,   0,
amazon-browse-front,                                                                               0,   1,   0,   0,   0,   0,   0,   0,   0,   0,   0,   0,   0,   0,  0,   0,   0,   0,   0,   0,   0,   0, 184,   0,   0,   1,   0,   0,  0,   0,  10,   1,   3,   0,   0,   0,   0,   0,   0,   0,   0,   0,  0,   0,   0,   0,   0,   0,   0,   0,   0,   0,   0,   0,   0,   0,  0,   0,   0,   0,   0,   0,   0,   0,   0,   0,   0,   0,   0,   0,  0,   0,   0,   0,   0,   0,   0,   0,   0,   0,   0,   0,   0,   0,  0,   0,   0,   0,   0,   0,   0,
gdocs-basic-writing,                                                                               0,   4,   0,   0,   0,   0,   0,   0,   0,   0,   0,   0,   0,   0,  0,   0,   0,   0,   0,   0,   0,   3,   2, 183,   2,   2,   1,   0,  0,   0,   0,   0,   0,   2,   0,   0,   0,   0,   0,   0,   0,   0,  0,   0,   0,   0,   1,   0,   0,   0,   0,   0,   0,   0,   0,   0,  0,   0,   0,   0,   0,   0,   0,   0,   0,   0,   0,   0,   0,   0,  0,   0,   0,   0,   0,   0,   0,   0,   0,   0,   0,   0,   0,   0,  0,   0,   0,   0,   0,   0,   0,
gdocs-listen-to-writing-same,                                                                      0,   1,   0,   0,   0,   0,   0,   0,   0,   0,   0,   0,   0,   0,  0,   0,   0,   0,   0,   0,   0,   0,   0,   2, 185,   1,   9,   0,  0,   0,   0,   0,   1,   1,   0,   0,   0,   0,   0,   0,   0,   0,  0,   0,   0,   0,   0,   0,   0,   0,   0,   0,   0,   0,   0,   0,  0,   0,   0,   0,   0,   0,   0,   0,   0,   0,   0,   0,   0,   0,  0,   0,   0,   0,   0,   0,   0,   0,   0,   0,   0,   0,   0,   0,  0,   0,   0,   0,   0,   0,   0,
gdocs-listen-\&-writing-diff,                                                                      0,   4,   0,   0,   0,   0,   0,   0,   0,   0,   0,   0,   0,   0,  0,   0,   0,   0,   0,   0,   0,   1,   0,   1,   2, 190,   0,   0,  0,   0,   0,   0,   0,   0,   0,   0,   0,   0,   0,   0,   1,   0,  1,   0,   0,   0,   0,   0,   0,   0,   0,   0,   0,   0,   0,   0,  0,   0,   0,   0,   0,   0,   0,   0,   0,   0,   0,   0,   0,   0,  0,   0,   0,   0,   0,   0,   0,   0,   0,   0,   0,   0,   0,   0,  0,   0,   0,   0,   0,   0,   0,
gmail-basic-recieving,                                                                             0,   0,   0,   0,   0,   0,   0,   0,   0,   0,   0,   0,   0,   0,  0,   0,   0,   0,   0,   0,   0,   0,   0,   2,   3,   0, 191,   0,  0,   0,   0,   1,   0,   2,   0,   0,   0,   0,   0,   0,   0,   0,  1,   0,   0,   0,   0,   0,   0,   0,   0,   0,   0,   0,   0,   0,  0,   0,   0,   0,   0,   0,   0,   0,   0,   0,   0,   0,   0,   0,  0,   0,   0,   0,   0,   0,   0,   0,   0,   0,   0,   0,   0,   0,  0,   0,   0,   0,   0,   0,   0,
gmail-basic-sending,                                                                               0,   0,   0,   0,   0,   0,   0,   0,   0,   0,   0,   0,   0,   0,  0,   0,   0,   0,   0,   0,   0,   0,   0,   0,   0,   0,   0, 200,  0,   0,   0,   0,   0,   0,   0,   0,   0,   0,   0,   0,   0,   0,  0,   0,   0,   0,   0,   0,   0,   0,   0,   0,   0,   0,   0,   0,  0,   0,   0,   0,   0,   0,   0,   0,   0,   0,   0,   0,   0,   0,  0,   0,   0,   0,   0,   0,   0,   0,   0,   0,   0,   0,   0,   0,  0,   0,   0,   0,   0,   0,   0,
astley-youtube-adblock,                                                                            0,   0,   0,   0,   0,   0,   0,   0,   0,   0,   0,   0,   0,   0,  0,   0,   0,   0,   0,   0,   0,   0,   0,   0,   0,   0,   0,   0,  191,   5,   0,   0,   0,   0,   0,   0,   0,   0,   0,   0,   0,   0,  0,   0,   0,   0,   0,   0,   0,   0,   0,   0,   0,   0,   0,   0,  0,   0,   0,   0,   3,   0,   0,   0,   1,   0,   0,   0,   0,   0,  0,   0,   0,   0,   0,   0,   0,   0,   0,   0,   0,   0,   0,   0,  0,   0,   0,   0,   0,   0, 0,
astley-youtube-raw,                                                                                0,   0,   0,   0,   0,   0,   0,   0,   0,   0,   0,   0,   0,   0,  0,   0,   0,   0,   0,   0,   0,   0,   0,   0,   0,   0,   0,   0,  6, 190,   0,   0,   0,   0,   0,   0,   0,   0,   0,   0,   0,   0,  0,   0,   0,   0,   0,   1,   0,   0,   0,   0,   1,   0,   0,   0,  0,   1,   0,   0,   1,   0,   0,   0,   0,   0,   0,   0,   0,   0,  0,   0,   0,   0,   0,   0,   0,   0,   0,   0,   0,   0,   0,   0,  0,   0,   0,   0,   0,   0,   0,
google-basic-search,                                                                               0,   0,   0,   0,   0,   0,   0,   0,   0,   0,   0,   0,   0,   0,  0,   0,   0,   0,   0,   0,   0,   0,   1,   0,   0,   0,   0,   0,  0,   0, 198,   0,   1,   0,   0,   0,   0,   0,   0,   0,   0,   0,  0,   0,   0,   0,   0,   0,   0,   0,   0,   0,   0,   0,   0,   0,  0,   0,   0,   0,   0,   0,   0,   0,   0,   0,   0,   0,   0,   0,  0,   0,   0,   0,   0,   0,   0,   0,   0,   0,   0,   0,   0,   0,  0,   0,   0,   0,   0,   0,   0,
gtranslate-basic-lorem,                                                                            0,   0,   0,   0,   0,   0,   0,   0,   0,   0,   0,   0,   0,   0,  0,   0,   0,   0,   0,   0,   0,   0,   1,   0,   0,   1,   3,   0,  0,   0,   0, 184,   9,   0,   0,   0,   0,   0,   0,   0,   0,   1,  1,   0,   0,   0,   0,   0,   0,   0,   0,   0,   0,   0,   0,   0,  0,   0,   0,   0,   0,   0,   0,   0,   0,   0,   0,   0,   0,   0,  0,   0,   0,   0,   0,   0,   0,   0,   0,   0,   0,   0,   0,   0,  0,   0,   0,   0,   0,   0,   0,
gtranslate-french-lorem,                                                                           0,   0,   0,   0,   0,   0,   0,   0,   0,   0,   0,   0,   0,   0,  0,   0,   0,   0,   0,   0,   0,   1,   1,   0,   0,   0,   2,   0,  0,   0,   2,   4, 186,   0,   0,   0,   0,   0,   0,   0,   1,   2,  0,   0,   0,   0,   1,   0,   0,   0,   0,   0,   0,   0,   0,   0,  0,   0,   0,   0,   0,   0,   0,   0,   0,   0,   0,   0,   0,   0,  0,   0,   0,   0,   0,   0,   0,   0,   0,   0,   0,   0,   0,   0,  0,   0,   0,   0,   0,   0,   0,
twitch-basic-streamer-view,                                                                        0,   4,   0,   0,   0,   0,   0,   0,   0,   0,   0,   0,   0,   0,  0,   0,   0,   0,   0,   0,   0,   2,   2,   0,   0,   0,   4,   0,  0,   0,   0,   0,   2, 185,   0,   0,   0,   0,   0,   0,   0,   0,  0,   0,   0,   1,   0,   0,   0,   0,   0,   0,   0,   0,   0,   0,  0,   0,   0,   0,   0,   0,   0,   0,   0,   0,   0,   0,   0,   0,  0,   0,   0,   0,   0,   0,   0,   0,   0,   0,   0,   0,   0,   0,  0,   0,   0,   0,   0,   0,   0,
twitch-view-home,                                                                                  0,   0,   0,   0,   0,   0,   0,   0,   0,   0,   0,   0,   0,   0,  0,   0,   0,   0,   0,   0,   0,   0,   1,   0,   0,   1,   0,   0,  0,   0,   0,   1,   0,   0, 191,   0,   0,   0,   0,   0,   2,   3,  1,   0,   0,   0,   0,   0,   0,   0,   0,   0,   0,   0,   0,   0,  0,   0,   0,   0,   0,   0,   0,   0,   0,   0,   0,   0,   0,   0,  0,   0,   0,   0,   0,   0,   0,   0,   0,   0,   0,   0,   0,   0,  0,   0,   0,   0,   0,   0,   0,
wget-multiple-reversed,                                                                            0,   0,   0,   0,   0,   0,   0,   0,   0,   0,   0,   0,   0,   0,  2,   0,   0,   0,   0,   0,   0,   0,   0,   0,   0,   0,   0,   0,  0,   2,   0,   0,   0,   0,   0, 189,   0,   0,   0,   0,   0,   0,  0,   0,   0,   0,   0,   3,   0,   0,   2,   0,   0,   0,   0,   0,  0,   0,   0,   1,   0,   0,   0,   0,   0,   0,   0,   0,   0,   0,  0,   0,   0,   0,   0,   0,   0,   0,   0,   0,   0,   0,   0,   0,  0,   0,   0,   0,   0,   0,   0,
amazon-add-to-cart-reverse,                                                                        0,   0,   0,   0,   0,   0,   0,   0,   0,   0,   0,   0,   0,   0,  0,   0,   0,   0,   0,   0,   0,   0,   0,   1,   0,   1,   0,   0,  0,   0,   0,   0,   0,   0,   0,   0, 187,   6,   0,   0,   0,   0,  1,   0,   1,   1,   0,   0,   2,   0,   0,   0,   0,   0,   0,   0,  0,   0,   0,   0,   0,   0,   0,   0,   0,   0,   0,   0,   0,   0,  0,   0,   0,   0,   0,   0,   0,   0,   0,   0,   0,   0,   0,   0,  0,   0,   0,   0,   0,   0,   0,
amazon-browse-front-reversed,                                                                      0,   0,   0,   0,   0,   0,   0,   0,   0,   0,   0,   0,   0,   0,  0,   0,   0,   0,   0,   0,   0,   0,   0,   0,   0,   0,   0,   0,  0,   0,   0,   0,   0,   1,   0,   0,   2, 188,   0,   0,   1,   0,  0,   0,   1,   1,   1,   0,   5,   0,   0,   0,   0,   0,   0,   0,  0,   0,   0,   0,   0,   0,   0,   0,   0,   0,   0,   0,   0,   0,  0,   0,   0,   0,   0,   0,   0,   0,   0,   0,   0,   0,   0,   0,  0,   0,   0,   0,   0,   0,   0,
astley-youtube-adblock-reversed,                                                                   0,   0,   0,   0,   0,   0,   0,   0,   2,   0,   0,   0,   0,   0,  0,   0,   0,   0,   0,   0,   0,   0,   0,   0,   0,   0,   0,   0,  3,   4,   0,   0,   0,   0,   0,   0,   0,   0, 184,   0,   0,   0,  0,   0,   0,   0,   0,   0,   0,   0,   0,   0,   1,   0,   0,   0,  0,   0,   0,   0,   1,   0,   0,   0,   2,   0,   1,   1,   1,   0,  0,   0,   0,   0,   0,   0,   0,   0,   0,   0,   0,   0,   0,   0,  0,   0,   0,   0,   0,   0,   0,
facebook-default-route-reversed,                                                                   0,   0,   0,   0,   0,   0,   0,   0,   0,   0,   0,   0,   0,   0,  0,   0,   0,   0,   0,   0,   0,   0,   0,   0,   0,   0,   0,   0,  0,   1,   0,   0,   0,   0,   0,   0,   0,   0,   0, 100,   0,   0,  0,   0,   0,   0,   0,   0,   0,   0,   0,   0,   0,   0,   0,   1,  6,   0,   0,   0,   0,  65,  27,   0,   0,   0,   0,   0,   0,   0,  0,   0,   0,   0,   0,   0,   0,   0,   0,   0,   0,   0,   0,   0,  0,   0,   0,   0,   0,   0,   0,
gdocs-basic-writing-reversed,                                                                      0,   0,   0,   0,   0,   0,   0,   0,   0,   0,   0,   0,   0,   0,  0,   0,   0,   0,   0,   0,   0,   0,   0,   0,   0,   0,   0,   0,  0,   0,   0,   2,   4,   0,   4,   0,   0,   0,   0,   0, 185,   2,  2,   0,   0,   1,   0,   0,   0,   0,   0,   0,   0,   0,   0,   0,  0,   0,   0,   0,   0,   0,   0,   0,   0,   0,   0,   0,   0,   0,  0,   0,   0,   0,   0,   0,   0,   0,   0,   0,   0,   0,   0,   0,  0,   0,   0,   0,   0,   0,   0,
gdocs-listen-to-writing-diff-reversed,                                                             0,   2,   0,   0,   0,   0,   0,   0,   0,   0,   0,   0,   0,   0,  0,   0,   0,   0,   0,   0,   0,   1,   0,   1,   0,   1,   0,   0,  0,   0,   0,   2,   1,   0,   0,   0,   0,   0,   0,   0,   5, 184,  2,   0,   0,   0,   0,   0,   1,   0,   0,   0,   0,   0,   0,   0,  0,   0,   0,   0,   0,   0,   0,   0,   0,   0,   0,   0,   0,   0,  0,   0,   0,   0,   0,   0,   0,   0,   0,   0,   0,   0,   0,   0,  0,   0,   0,   0,   0,   0,   0,
gmail-basic-recieving-reversed,                                                                    0,   2,   0,   0,   0,   0,   0,   0,   0,   0,   0,   0,   0,   0,  0,   0,   0,   0,   0,   0,   0,   3,   0,   1,   2,   2,   0,   0,  0,   0,   1,   0,   0,   0,   3,   0,   0,   0,   0,   0,   1,   2,  180,   2,   0,   0,   1,   0,   0,   0,   0,   0,   0,   0,   0,   0,  0,   0,   0,   0,   0,   0,   0,   0,   0,   0,   0,   0,   0,   0,  0,   0,   0,   0,   0,   0,   0,   0,   0,   0,   0,   0,   0,   0,  0,   0,   0,   0,   0,   0, 0,
gmail-basic-sending-reversed,                                                                      0,   0,   0,   0,   0,   0,   0,   0,   0,   0,   0,   0,   0,   0,  0,   0,   0,   0,   0,   0,   0,   0,   0,   0,   0,   0,   0,   0,  0,   0,   0,   0,   0,   0,   0,   0,   0,   0,   0,   0,   0,   0,  0, 200,   0,   0,   0,   0,   0,   0,   0,   0,   0,   0,   0,   0,  0,   0,   0,   0,   0,   0,   0,   0,   0,   0,   0,   0,   0,   0,  0,   0,   0,   0,   0,   0,   0,   0,   0,   0,   0,   0,   0,   0,  0,   0,   0,   0,   0,   0,   0,
google-basic-search-reversed,                                                                      0,   0,   0,   0,   0,   0,   0,   0,   0,   0,   0,   0,   0,   0,  0,   0,   0,   0,   0,   0,   0,   0,   0,   0,   0,   0,   0,   0,  0,   0,   0,   0,   0,   1,   0,   0,   2,   2,   0,   0,   0,   0,  0,   0, 186,   1,   1,   0,   7,   0,   0,   0,   0,   0,   0,   0,  0,   0,   0,   0,   0,   0,   0,   0,   0,   0,   0,   0,   0,   0,  0,   0,   0,   0,   0,   0,   0,   0,   0,   0,   0,   0,   0,   0,  0,   0,   0,   0,   0,   0,   0,
gtranslate-basic-lorem-reversed,                                                                   0,   2,   0,   0,   0,   0,   0,   0,   0,   0,   0,   0,   0,   0,  0,   0,   0,   0,   0,   0,   0,   0,   1,   1,   0,   4,   0,   0,  0,   0,   1,   0,   0,   0,   0,   0,   0,   0,   0,   0,   0,   2,  0,   0,   2, 183,   4,   0,   0,   0,   0,   0,   0,   0,   0,   0,  0,   0,   0,   0,   0,   0,   0,   0,   0,   0,   0,   0,   0,   0,  0,   0,   0,   0,   0,   0,   0,   0,   0,   0,   0,   0,   0,   0,  0,   0,   0,   0,   0,   0,   0,
gtranslate-french-lorem-reversed,                                                                  0,   2,   0,   0,   0,   0,   0,   0,   0,   0,   0,   0,   0,   0,  0,   0,   0,   0,   0,   0,   0,   0,   1,   0,   1,   2,   0,   0,  0,   0,   0,   0,   1,   1,   0,   0,   2,   0,   0,   0,   3,   1,  0,   0,   2,   1, 183,   0,   0,   0,   0,   0,   0,   0,   0,   0,  0,   0,   0,   0,   0,   0,   0,   0,   0,   0,   0,   0,   0,   0,  0,   0,   0,   0,   0,   0,   0,   0,   0,   0,   0,   0,   0,   0,  0,   0,   0,   0,   0,   0,   0,
wget-wikipedia-reversed,                                                                           0,   0,   0,   0,   2,   2,   2,   5,   0,   0,   0,   0,   0,   0,  0,   0,   0,   0,   0,   0,   0,   0,   0,   0,   0,   0,   0,   0,  0,   0,   0,   0,   0,   0,   0,   0,   0,   0,   0,   0,   0,   0,  0,   0,   0,   0,   0, 188,   0,   0,   0,   0,   0,   0,   0,   0,  1,   0,   0,   0,   0,   0,   0,   0,   0,   0,   0,   0,   0,   0,  0,   0,   0,   0,   0,   0,   0,   0,   0,   0,   0,   0,   0,   0,  0,   0,   0,   0,   0,   0,   0,
twitch-basic-streamer-view-reversed,                                                               0,   0,   0,   0,   0,   0,   0,   0,   0,   0,   0,   0,   0,   0,  0,   0,   0,   0,   0,   0,   0,   0,   0,   0,   0,   2,   0,   0,  0,   0,   0,   0,   0,   1,   0,   0,   2,   5,   0,   0,   0,   0,  0,   0,   3,   1,   1,   0, 185,   0,   0,   0,   0,   0,   0,   0,  0,   0,   0,   0,   0,   0,   0,   0,   0,   0,   0,   0,   0,   0,  0,   0,   0,   0,   0,   0,   0,   0,   0,   0,   0,   0,   0,   0,  0,   0,   0,   0,   0,   0,   0,
mixed-gdoc-basic-writing-youtube-ads,                                                              0,   0,   0,   0,   0,   0,   0,   0,   0,   0,   0,   0,   0,   0,  0,   0,   0,   0,   0,   0,   0,   0,   0,   0,   0,   0,   0,   0,  0,   0,   0,   0,   0,   0,   0,   0,   0,   0,   0,   0,   0,   0,  0,   0,   0,   0,   0,   0,   0, 193,   0,   2,   0,   1,   0,   0,  0,   0,   1,   3,   0,   0,   0,   0,   0,   0,   0,   0,   0,   0,  0,   0,   0,   0,   0,   0,   0,   0,   0,   0,   0,   0,   0,   0,  0,   0,   0,   0,   0,   0,   0,
mixed-scp-rsync,                                                                                   0,   0,   0,   0,   0,   0,   0,   0,   0,   0,   0,   0,   0,   0,  0,   0,   0,   0,   0,   0,   0,   0,   0,   0,   0,   0,   0,   0,  0,   0,   0,   0,   0,   0,   0,   0,   0,   0,   0,   0,   0,   0,  0,   0,   0,   0,   0,   1,   0,   0, 198,   0,   0,   0,   0,   0,  0,   0,   0,   0,   0,   0,   0,   0,   0,   1,   0,   0,   0,   0,  0,   0,   0,   0,   0,   0,   0,   0,   0,   0,   0,   0,   0,   0,  0,   0,   0,   0,   0,   0,   0,
mixed-twitch-curl-https,                                                                           0,   0,   0,   0,   0,   0,   0,   0,   0,   0,   0,   0,   0,   0,  0,   0,   0,   0,   0,   0,   0,   0,   0,   0,   0,   0,   0,   0,  0,   0,   0,   0,   0,   0,   0,   0,   0,   0,   0,   0,   0,   0,  0,   0,   0,   0,   0,   0,   0,   1,   0, 189,   3,   0,   0,   0,  0,   0,   1,   1,   1,   0,   0,   0,   0,   0,   0,   0,   1,   1,  2,   0,   0,   0,   0,   0,   0,   0,   0,   0,   0,   0,   0,   0,  0,   0,   0,   0,   0,   0,   0,
mixed-twitch-iperf-100K,                                                                           0,   0,   0,   0,   0,   0,   0,   0,   1,   0,   0,   0,   0,   0,  0,   0,   0,   0,   0,   0,   0,   0,   0,   0,   0,   0,   0,   0,  0,   0,   0,   0,   0,   0,   0,   0,   0,   0,   0,   0,   0,   0,  0,   0,   0,   0,   0,   0,   0,   0,   0,   1, 185,   3,   0,   0,  0,   0,   1,   1,   0,   0,   0,   0,   1,   1,   1,   0,   0,   2,  3,   0,   0,   0,   0,   0,   0,   0,   0,   0,   0,   0,   0,   0,  0,   0,   0,   0,   0,   0,   0,
mixed-stutter-wget-ftp-large-scp,                                                                  0,   0,   0,   0,   0,   0,   0,   0,   0,   0,   0,   0,   0,   0,  0,   0,   0,   0,   0,   0,   0,   0,   0,   0,   0,   0,   0,   0,  0,   0,   0,   0,   0,   0,   0,   0,   0,   0,   0,   0,   0,   0,  0,   0,   0,   0,   0,   0,   0,   0,   0,   0,   0, 188,   0,   0,  0,   0,  11,   1,   0,   0,   0,   0,   0,   0,   0,   0,   0,   0,  0,   0,   0,   0,   0,   0,   0,   0,   0,   0,   0,   0,   0,   0,  0,   0,   0,   0,   0,   0,   0,
mixed-twitch-wget-ftp-large,                                                                       0,   0,   0,   0,   0,   0,   0,   0,   0,   0,   0,   0,   0,   0,  0,   0,   0,   0,   0,   0,   0,   0,   0,   0,   0,   0,   0,   0,  0,   0,   0,   0,   0,   0,   0,   0,   0,   0,   2,   0,   0,   0,  0,   0,   0,   0,   0,   0,   0,   0,   0,   0,   0,   0, 195,   0,  0,   0,   0,   0,   0,   0,   0,   1,   0,   0,   0,   0,   0,   0,  2,   0,   0,   0,   0,   0,   0,   0,   0,   0,   0,   0,   0,   0,  0,   0,   0,   0,   0,   0,   0,
mixed-wget-ftp-large-wget-short,                                                                   0,   0,   0,   0,   0,   0,   0,   0,   0,   0,   0,   0,   0,   0,  0,   0,   0,   0,   0,   0,   0,   0,   0,   0,   0,   0,   0,   0,  0,   1,   0,   0,   0,   0,   0,   0,   0,   0,   0,   0,   0,   0,  0,   0,   0,   0,   0,   0,   0,   0,   0,   0,   0,   0,   1, 198,  0,   0,   0,   0,   0,   0,   0,   0,   0,   0,   0,   0,   0,   0,  0,   0,   0,   0,   0,   0,   0,   0,   0,   0,   0,   0,   0,   0,  0,   0,   0,   0,   0,   0,   0,
mixed-wget-https-large-wget-short,                                                                 0,   0,   0,   0,   0,   0,   0,   0,   0,   0,   0,   0,   0,   0,  0,   0,   0,   0,   0,   0,   0,   0,   0,   0,   0,   0,   0,   0,  0,   0,   0,   0,   0,   0,   0,   0,   0,   0,   0,   3,   0,   0,  0,   0,   0,   0,   0,   1,   0,   0,   0,   0,   1,   0,   0,   5,  188,   0,   0,   0,   0,   0,   0,   1,   0,   1,   0,   0,   0,   0,  0,   0,   0,   0,   0,   0,   0,   0,   0,   0,   0,   0,   0,   0,  0,   0,   0,   0,   0,   0, 0,
mixed-stutter-wget-ftp-large-youtube,                                                              0,   0,   0,   0,   0,   0,   0,   0,   2,   0,   0,   0,   0,   0,  0,   0,   0,   0,   0,   0,   0,   0,   0,   0,   0,   0,   0,   0,  1,   0,   0,   0,   0,   0,   0,   0,   0,   0,   0,   0,   0,   0,  0,   0,   0,   0,   0,   0,   0,   0,   2,   0,   0,   1,   0,   0,  0, 193,   0,   1,   0,   0,   0,   0,   0,   0,   0,   0,   0,   0,  0,   0,   0,   0,   0,   0,   0,   0,   0,   0,   0,   0,   0,   0,  0,   0,   0,   0,   0,   0,   0,
mixed-twitch-ping-2s-350B,                                                                         0,   0,   0,   0,   0,   0,   0,   0,   0,   0,   0,   0,   0,   0,  0,   0,   0,   0,   0,   0,   0,   0,   0,   0,   0,   0,   0,   0,  0,   0,   0,   0,   0,   0,   0,   0,   0,   0,   0,   0,   0,   0,  0,   0,   0,   0,   0,   0,   0,   0,   0,   0,   0,   9,   0,   0,  0,   0, 190,   0,   1,   0,   0,   0,   0,   0,   0,   0,   0,   0,  0,   0,   0,   0,   0,   0,   0,   0,   0,   0,   0,   0,   0,   0,  0,   0,   0,   0,   0,   0,   0,
mixed-stutter-wget-ftp-large-gdocs,                                                                0,   0,   0,   0,   0,   0,   0,   0,   1,   0,   0,   0,   0,   0,  0,   0,   0,   0,   0,   0,   0,   0,   0,   0,   0,   0,   0,   0,  0,   0,   0,   0,   0,   0,   0,   1,   0,   0,   1,   0,   0,   0,  0,   0,   0,   0,   0,   0,   0,   0,   0,   0,   0,   0,   0,   0,  0,   0,   0, 185,   0,   0,   0,   0,   0,   0,   1,   0,   0,   7,  3,   0,   0,   0,   1,   0,   0,   0,   0,   0,   0,   0,   0,   0,  0,   0,   0,   0,   0,   0,   0,
true-ftp-rand-data,                                                                                0,   0,   0,   0,   0,   0,   0,   0,   1,   0,   0,   0,   0,   0,  0,   0,   0,   0,   0,   0,   0,   0,   0,   0,   0,   0,   0,   0,  1,   1,   0,   0,   0,   0,   0,   0,   0,   0,   0,   0,   0,   0,  0,   0,   0,   0,   0,   1,   0,   0,   1,   0,   0,   0,   0,   0,  0,   0,   0,   0, 190,   0,   0,   3,   0,   1,   0,   0,   0,   0,  0,   0,   0,   0,   1,   0,   0,   0,   0,   0,   0,   0,   0,   0,  0,   0,   0,   0,   0,   0,   0,
curl-https-rand-data,                                                                              0,   0,   0,   0,   0,   0,   0,   0,   0,   0,   0,   0,   0,   0,  0,   0,   0,   0,   0,   0,   0,   0,   0,   0,   0,   0,   0,   0,  0,   0,   0,   0,   0,   0,   0,   0,   0,   0,   0,  17,   0,   0,  0,   0,   0,   0,   0,   0,   0,   0,   0,   0,   0,   0,   0,   0,  0,   0,   0,   0,   0, 137,  46,   0,   0,   0,   0,   0,   0,   0,  0,   0,   0,   0,   0,   0,   0,   0,   0,   0,   0,   0,   0,   0,  0,   0,   0,   0,   0,   0,   0,
wget-https-rand-data,                                                                              0,   0,   0,   0,   0,   0,   0,   0,   0,   0,   0,   0,   0,   0,  0,   0,   0,   0,   0,   0,   0,   0,   0,   0,   0,   0,   0,   0,  0,   0,   0,   0,   0,   0,   0,   0,   0,   0,   0,  33,   0,   0,  0,   0,   0,   0,   0,   0,   0,   0,   0,   0,   0,   0,   0,   0,  1,   0,   0,   0,   0, 103,  63,   0,   0,   0,   0,   0,   0,   0,  0,   0,   0,   0,   0,   0,   0,   0,   0,   0,   0,   0,   0,   0,  0,   0,   0,   0,   0,   0,   0,
curl-http-rand-data,                                                                               0,   0,   0,   0,   0,   0,   0,   0,   1,   0,   1,   0,   0,   0,  0,   0,   0,   0,   0,   0,   0,   0,   0,   0,   0,   0,   0,   0,  1,   0,   0,   0,   0,   0,   0,   0,   0,   0,   2,   0,   0,   0,  0,   0,   0,   0,   0,   0,   0,   0,   0,   0,   0,   0,   0,   0,  1,   0,   0,   0,   2,   0,   0, 184,   4,   1,   0,   0,   0,   0,  2,   0,   0,   0,   0,   0,   0,   0,   0,   0,   0,   0,   0,   0,  0,   0,   0,   0,   0,   0,   0,
wget-http-rand-data,                                                                               0,   0,   0,   0,   0,   0,   0,   0,   0,   0,   0,   0,   1,   0,  0,   0,   0,   0,   0,   0,   0,   0,   0,   0,   0,   0,   0,   0,  0,   0,   0,   0,   0,   0,   0,   0,   0,   0,   2,   0,   0,   0,  0,   0,   0,   0,   0,   0,   0,   0,   0,   0,   1,   0,   0,   0,  0,   0,   0,   0,   4,   0,   0,   5, 187,   0,   0,   0,   0,   0,  0,   0,   0,   0,   0,   0,   0,   0,   0,   0,   0,   0,   0,   0,  0,   0,   0,   0,   0,   0,   0,
git-linux-from-github,                                                                             0,   0,   1,   0,   0,   0,   0,   0,   0,   0,   0,   0,   0,   0,  0,   0,   0,   0,   0,   0,   0,   0,   0,   0,   0,   0,   0,   0,  1,   0,   0,   0,   0,   0,   0,   0,   0,   0,   2,   0,   0,   0,  0,   0,   0,   0,   0,   0,   0,   0,   0,   0,   0,   0,   1,   0,  0,   0,   0,   0,   1,   0,   0,   2,   1, 190,   1,   0,   0,   0,  0,   0,   0,   0,   0,   0,   0,   0,   0,   0,   0,   0,   0,   0,  0,   0,   0,   0,   0,   0,   0,
rsync-rand-data,                                                                                   0,   0,   0,   0,   0,   0,   0,   0,   0,   0,   0,   0,   0,   0,  0,   0,   0,   0,   0,   0,   0,   0,   0,   0,   0,   0,   0,   0,  0,   0,   0,   0,   0,   0,   0,   0,   0,   0,   0,   0,   0,   0,  0,   0,   0,   0,   0,   0,   0,   1,   0,   0,   0,   0,   0,   0,  0,   0,   0,   0,   0,   0,   0,   0,   0,   0, 195,   3,   1,   0,  0,   0,   0,   0,   0,   0,   0,   0,   0,   0,   0,   0,   0,   0,  0,   0,   0,   0,   0,   0,   0,
scp-rand-data,                                                                                     0,   0,   0,   0,   0,   0,   0,   0,   0,   0,   0,   0,   0,   0,  0,   0,   0,   0,   0,   0,   0,   0,   0,   0,   0,   0,   0,   0,  0,   0,   0,   0,   0,   0,   0,   0,   0,   0,   0,   0,   0,   0,  0,   0,   0,   0,   0,   0,   0,   0,   0,   0,   0,   0,   0,   0,  0,   0,   0,   0,   1,   0,   0,   0,   0,   0,   4, 194,   0,   1,  0,   0,   0,   0,   0,   0,   0,   0,   0,   0,   0,   0,   0,   0,  0,   0,   0,   0,   0,   0,   0,
wget-ftp-rand-data,                                                                                0,   0,   0,   0,   0,   0,   0,   0,   1,   0,   0,   0,   0,   0,  0,   0,   0,   0,   0,   0,   0,   0,   0,   0,   0,   0,   0,   0,  0,   0,   0,   0,   0,   0,   0,   0,   0,   0,   0,   0,   0,   0,  0,   0,   0,   0,   0,   0,   0,   0,   2,   0,   0,   0,   0,   0,  0,   0,   0,   1,   0,   0,   0,   0,   0,   0,   0,   0, 194,   0,  0,   0,   0,   0,   2,   0,   0,   0,   0,   0,   0,   0,   0,   0,  0,   0,   0,   0,   0,   0,   0,
mixed-twitch-ping-5s-350B,                                                                         0,   0,   0,   0,   0,   0,   0,   0,   1,   0,   0,   0,   0,   0,  0,   0,   0,   0,   0,   0,   0,   0,   0,   0,   0,   0,   0,   0,  0,   0,   0,   0,   0,   0,   0,   0,   0,   0,   0,   0,   0,   0,  0,   0,   0,   0,   0,   0,   0,   0,   0,   1,   4,   0,   0,   0,  0,   0,   0,   0,   1,   0,   0,   0,   0,   0,   0,   0,   0, 191,  0,   0,   0,   0,   1,   0,   0,   0,   0,   0,   0,   0,   0,   0,  0,   0,   0,   1,   0,   0,   0,
mixed-twitch-iperf-10K,                                                                            0,   0,   0,   0,   0,   0,   0,   0,   0,   0,   0,   0,   0,   0,  0,   0,   0,   0,   0,   0,   0,   0,   0,   0,   0,   0,   0,   0,  0,   0,   0,   0,   0,   0,   0,   0,   0,   0,   0,   0,   0,   0,  0,   0,   0,   0,   0,   0,   0,   0,   0,   1,   1,   0,   0,   0,  0,   0,   0,   4,   0,   0,   0,   0,   1,   0,   0,   0,   1,   8,  184,   0,   0,   0,   0,   0,   0,   0,   0,   0,   0,   0,   0,   0,  0,   0,   0,   0,   0,   0, 0,
tcp-curl-ftp-rand-data,                                                                            0,   0,   0,   0,   0,   0,   0,   0,   0,   0,   0,   0,   0,   0,  0,   0,   0,   0,   0,   0,   0,   0,   0,   0,   0,   0,   0,   0,  0,   0,   0,   0,   0,   0,   0,   0,   0,   0,   0,   0,   0,   0,  0,   0,   0,   0,   0,   0,   0,   0,   0,   0,   0,   0,   0,   0,  0,   0,   0,   0,   0,   0,   0,   0,   0,   0,   0,   0,   0,   0,  0, 191,   2,   1,   0,   0,   0,   3,   0,   2,   0,   0,   0,   0,  0,   0,   0,   1,   0,   0,   0,
tcp-curl-http-rand-data,                                                                           0,   0,   0,   0,   0,   0,   0,   0,   0,   0,   0,   0,   0,   0,  0,   0,   0,   0,   0,   0,   0,   0,   0,   0,   0,   0,   0,   0,  0,   0,   0,   0,   0,   0,   0,   0,   0,   0,   0,   0,   0,   0,  0,   0,   0,   0,   0,   0,   0,   0,   0,   0,   0,   0,   0,   0,  0,   0,   0,   0,   0,   0,   0,   0,   0,   0,   0,   0,   0,   0,  0,   2, 188,   7,   0,   0,   0,   0,   0,   1,   0,   0,   0,   0,  0,   0,   0,   1,   1,   0,   0,
tcp-wget-http-rand-data,                                                                           0,   0,   0,   0,   0,   0,   0,   0,   0,   0,   0,   0,   0,   0,  0,   0,   0,   0,   0,   0,   0,   0,   0,   0,   0,   0,   0,   0,  0,   0,   0,   0,   0,   0,   0,   0,   0,   0,   0,   0,   0,   0,  0,   0,   0,   0,   0,   0,   0,   0,   0,   0,   0,   0,   0,   0,  0,   0,   0,   0,   0,   0,   0,   0,   0,   0,   0,   0,   0,   0,  0,   3,  11, 183,   0,   0,   0,   1,   0,   2,   0,   0,   0,   0,  0,   0,   0,   0,   0,   0,   0,
curl-ftp-rand-data,                                                                                0,   0,   0,   0,   0,   0,   0,   0,   0,   0,   0,   0,   0,   0,  0,   0,   0,   0,   0,   0,   0,   0,   0,   0,   0,   0,   0,   0,  0,   0,   0,   0,   0,   0,   0,   0,   0,   0,   0,   0,   0,   0,  0,   0,   0,   0,   0,   0,   0,   1,   0,   0,   0,   0,   1,   0,  0,   0,   0,   0,   0,   0,   0,   0,   0,   0,   0,   0,   4,   0,  0,   0,   0,   0, 194,   0,   0,   0,   0,   0,   0,   0,   0,   0,  0,   0,   0,   0,   0,   0,   0,
tcp-twitch-view-home-reversed,                                                                     0,   0,   0,   0,   0,   0,   0,   0,   0,   0,   0,   0,   0,   0,  0,   0,   0,   0,   0,   0,   0,   0,   0,   0,   0,   0,   0,   0,  0,   0,   0,   0,   0,   0,   0,   0,   0,   0,   0,   0,   0,   0,  0,   0,   0,   0,   0,   0,   0,   0,   0,   0,   0,   0,   0,   0,  0,   0,   0,   0,   0,   0,   0,   0,   0,   0,   0,   0,   0,   0,  0,   0,   0,   0,   0, 187,   7,   0,   0,   0,   0,   0,   0,   1,  2,   3,   0,   0,   0,   0,   0,
tcp-twitch-basic-streamer-view-reversed,                                                           0,   0,   0,   0,   0,   0,   0,   0,   0,   0,   0,   0,   0,   0,  0,   0,   0,   0,   0,   0,   0,   0,   0,   0,   0,   0,   0,   0,  0,   0,   0,   0,   0,   0,   0,   0,   0,   0,   0,   0,   0,   0,  0,   0,   0,   0,   0,   0,   0,   0,   0,   0,   0,   0,   0,   0,  0,   0,   0,   0,   0,   0,   0,   0,   0,   0,   0,   0,   0,   0,  0,   0,   0,   0,   0,   6, 190,   0,   0,   0,   0,   0,   0,   3,  0,   1,   0,   0,   0,   0,   0,
tcp-true-ftp-rand-data,                                                                            0,   0,   0,   0,   0,   0,   0,   0,   0,   0,   0,   0,   0,   0,  0,   0,   0,   0,   0,   0,   0,   0,   0,   0,   0,   0,   0,   0,  0,   0,   0,   0,   0,   0,   0,   0,   0,   0,   0,   0,   0,   0,  0,   0,   0,   0,   0,   0,   0,   0,   0,   0,   0,   0,   0,   0,  0,   0,   0,   0,   0,   0,   0,   0,   0,   0,   0,   0,   0,   0,  0,   1,   3,   0,   0,   0,   0, 193,   0,   1,   0,   0,   0,   0,  0,   0,   0,   2,   0,   0,   0,
tcp-scp-rand-data,                                                                                 0,   0,   0,   0,   0,   0,   0,   0,   0,   0,   0,   0,   0,   0,  0,   0,   0,   0,   0,   0,   0,   0,   0,   0,   0,   0,   0,   0,  0,   0,   0,   0,   0,   0,   0,   0,   0,   0,   0,   0,   0,   0,  0,   0,   0,   0,   0,   0,   0,   0,   0,   0,   0,   0,   0,   0,  0,   0,   0,   0,   0,   0,   0,   0,   0,   0,   0,   0,   0,   0,  0,   0,   0,   0,   0,   0,   0,   0, 200,   0,   0,   0,   0,   0,  0,   0,   0,   0,   0,   0,   0,
tcp-rsync-rand-data,                                                                               0,   0,   0,   0,   0,   0,   0,   0,   0,   0,   0,   0,   0,   0,  0,   0,   0,   0,   0,   0,   0,   0,   0,   0,   0,   0,   0,   0,  0,   0,   0,   0,   0,   0,   0,   0,   0,   0,   0,   0,   0,   0,  0,   0,   0,   0,   0,   0,   0,   0,   0,   0,   0,   0,   0,   0,  0,   0,   0,   0,   0,   0,   0,   0,   0,   0,   0,   0,   0,   0,  0,   0,   3,   4,   0,   0,   0,   0,   0, 192,   0,   0,   0,   0,  0,   0,   0,   0,   1,   0,   0,
tcp-ping-5s-850B,                                                                                  0,   0,   0,   0,   0,   0,   0,   0,   0,   0,   0,   0,   0,   0,  0,   0,   0,   0,   0,   0,   0,   0,   0,   0,   0,   0,   0,   0,  0,   0,   0,   0,   0,   0,   0,   0,   0,   0,   0,   0,   0,   0,  0,   0,   0,   0,   0,   0,   0,   0,   0,   0,   0,   0,   0,   0,  0,   0,   0,   0,   0,   0,   0,   0,   0,   0,   0,   0,   0,   0,  0,   0,   0,   0,   0,   0,   0,   0,   0,   0, 187,  11,   1,   0,  0,   0,   0,   1,   0,   0,   0,
tcp-ping-5s-35B,                                                                                   0,   0,   0,   0,   0,   0,   0,   0,   0,   0,   0,   0,   0,   0,  0,   0,   0,   0,   0,   0,   0,   0,   0,   0,   0,   0,   0,   0,  0,   0,   0,   0,   0,   0,   0,   0,   0,   0,   0,   0,   0,   0,  0,   0,   0,   0,   0,   0,   0,   0,   0,   0,   0,   0,   0,   0,  0,   0,   0,   0,   0,   0,   0,   0,   0,   0,   0,   0,   0,   0,  0,   0,   0,   0,   0,   0,   0,   0,   0,   0,   8, 186,   1,   0,  0,   0,   0,   4,   1,   0,   0,
tcp-ping-2s-350B,                                                                                  0,   0,   0,   0,   0,   0,   0,   0,   0,   0,   0,   0,   0,   0,  0,   0,   0,   0,   0,   0,   0,   0,   0,   0,   0,   0,   0,   0,  0,   0,   0,   0,   0,   0,   0,   0,   0,   0,   0,   0,   0,   0,  0,   0,   0,   0,   0,   0,   0,   0,   0,   0,   0,   0,   0,   0,  0,   0,   0,   0,   0,   0,   0,   0,   0,   0,   0,   0,   0,   0,  0,   0,   0,   0,   0,   0,   0,   0,   0,   0,   1,   1, 197,   0,  0,   0,   0,   0,   0,   0,   0,
tcp-gtranslate-french-lorem-reversed,                                                              0,   0,   0,   0,   0,   0,   0,   0,   0,   0,   0,   0,   0,   0,  0,   0,   0,   0,   0,   0,   0,   0,   0,   0,   0,   0,   0,   0,  0,   0,   0,   0,   0,   0,   0,   0,   0,   0,   0,   0,   0,   0,  0,   0,   0,   0,   0,   0,   0,   0,   0,   0,   0,   0,   0,   0,  0,   0,   0,   0,   0,   0,   0,   0,   0,   0,   0,   0,   0,   0,  0,   0,   0,   0,   0,   2,   1,   0,   0,   0,   0,   0,   0, 183,  7,   7,   0,   0,   0,   0,   0,
tcp-gtranslate-basic-lorem-reversed,                                                               0,   0,   0,   0,   0,   0,   0,   0,   0,   0,   0,   0,   0,   0,  0,   0,   0,   0,   0,   0,   0,   0,   0,   0,   0,   0,   0,   0,  0,   0,   0,   0,   0,   0,   0,   0,   0,   0,   0,   0,   0,   0,  0,   0,   0,   0,   0,   0,   0,   0,   0,   0,   0,   0,   0,   0,  0,   0,   0,   0,   0,   0,   0,   0,   0,   0,   0,   0,   0,   0,  0,   0,   0,   0,   0,   2,   0,   0,   0,   0,   0,   0,   0,   7,  188,   3,   0,   0,   0,   0, 0,
tcp-google-basic-search-reversed,                                                                  0,   0,   0,   0,   0,   0,   0,   0,   0,   0,   0,   0,   0,   0,  0,   0,   0,   0,   0,   0,   0,   0,   0,   0,   0,   0,   0,   0,  0,   0,   0,   0,   0,   0,   0,   0,   0,   0,   0,   0,   0,   0,  0,   0,   0,   0,   0,   0,   0,   0,   0,   0,   0,   0,   0,   0,  0,   0,   0,   0,   0,   0,   0,   0,   0,   0,   0,   0,   0,   0,  0,   0,   0,   0,   0,   4,   5,   0,   0,   0,   0,   0,   0,   4,  4, 183,   0,   0,   0,   0,   0,
tcp-git-linux-from-github,                                                                         0,   0,   0,   0,   0,   0,   0,   0,   0,   0,   0,   0,   0,   0,  0,   0,   0,   0,   0,   0,   0,   0,   0,   0,   0,   0,   0,   0,  0,   0,   0,   0,   0,   0,   0,   0,   0,   0,   0,   0,   0,   0,  0,   0,   0,   0,   0,   0,   0,   0,   0,   0,   0,   0,   0,   0,  0,   0,   0,   0,   0,   0,   0,   0,   0,   0,   0,   0,   0,   0,  0,   0,   0,   0,   0,   0,   0,   0,   0,   0,   0,   0,   0,   0,  0,   0, 198,   0,   0,   2,   0,
tcp-curl-https-rand-data,                                                                          0,   0,   0,   0,   0,   0,   0,   0,   0,   0,   0,   0,   0,   0,  0,   0,   0,   0,   0,   0,   0,   0,   0,   0,   0,   0,   0,   0,  0,   0,   0,   0,   0,   0,   0,   0,   0,   0,   0,   0,   0,   0,  0,   0,   0,   0,   0,   0,   0,   0,   0,   0,   0,   0,   0,   0,  0,   0,   0,   0,   0,   0,   0,   0,   0,   0,   0,   0,   0,   0,  0,   3,   0,   0,   0,   0,   0,   2,   0,   0,   1,   4,   0,   0,  0,   0,   0, 188,   2,   0,   0,
tcp-wget-ftp-rand-data,                                                                            0,   0,   0,   0,   0,   0,   0,   0,   0,   0,   0,   0,   0,   0,  0,   0,   0,   0,   0,   0,   0,   0,   0,   0,   0,   0,   0,   0,  0,   0,   0,   0,   0,   0,   0,   0,   0,   0,   0,   0,   0,   0,  0,   0,   0,   0,   0,   0,   0,   0,   0,   0,   0,   0,   0,   0,  0,   0,   0,   0,   0,   0,   0,   0,   0,   0,   0,   0,   0,   0,  0,   1,   0,   0,   0,   0,   0,   0,   0,   0,   2,   4,   0,   0,  0,   0,   0,   4, 189,   0,   0,
tcp-astley-youtube-adblock-reversed,                                                               0,   0,   0,   0,   0,   0,   0,   0,   0,   0,   0,   0,   0,   0,  0,   0,   0,   0,   0,   0,   0,   0,   0,   0,   0,   0,   0,   0,  0,   0,   0,   0,   0,   0,   0,   0,   0,   0,   0,   0,   0,   0,  0,   0,   0,   0,   0,   0,   0,   0,   0,   0,   0,   0,   0,   0,  0,   0,   0,   0,   0,   0,   0,   0,   0,   0,   0,   0,   0,   0,  0,   0,   0,   0,   0,   0,   0,   0,   0,   0,   0,   0,   0,   0,  0,   0,   0,   0,   0, 200,   0,
                                                                                                   0,   0,   0,   0,  20,  62, 114,   4,   0,   0,   0,   0,   0,   0,  0,   0,   0,   0,   0,   0,   0,   0,   0,   0,   0,   0,   0,   0,  0,   0,   0,   0,   0,   0,   0,   0,   0,   0,   0,   0,   0,   0,  0,   0,   0,   0,   0,   0,   0,   0,   0,   0,   0,   0,   0,   0,  0,   0,   0,   0,   0,   0,   0,   0,   0,   0,   0,   0,   0,   0,  0,   0,   0,   0,   0,   0,   0,   0,   0,   0,   0,   0,   0,   0,  0,   0,   0,   0,   0,   0,   0,
