baseline,                                                                                         54,   0,   0,  33,  15,  27,  16,   8,   0,   0,   0,   0,   0,   0,  0,   0,   0,   0,   0,   0,   0,   0,   0,   0,   0,   0,   0,   0,  0,   0,   0,   0,   0,   0,   0,   0,   0,   0,   0,   0,   0,   0,  0,   0,   0,   0,   0,   0,   0,   0,   0,   0,   0,   0,   0,   0,  0,   0,   0,   0,   0,   0,   0,   0,   0,   0,   0,   0,   0,   0,  0,   0,   0,   0,   0,   0,   0,   0,   0,   0,   0,   0,   0,   0,  0,   0,   0,   0,   0,   0,   0,  50,
gdocs-listen-to-writing-diff,                                                                      0, 186,   0,   0,   0,   0,   0,   0,   0,   0,   1,   0,   0,   0,  0,   0,   0,   0,   0,   0,   0,   0,   0,   4,   3,   3,   0,   0,  1,   0,   1,   0,   0,   0,   0,   0,   0,   0,   0,   0,   0,   0,  0,   0,   0,   0,   0,   1,   0,   0,   0,   0,   0,   0,   0,   0,  0,   0,   0,   0,   0,   0,   0,   0,   0,   0,   0,   0,   0,   0,  0,   0,   0,   0,   0,   0,   0,   0,   0,   0,   0,   0,   0,   0,  0,   0,   0,   0,   0,   0,   0,   0,
wget-google,                                                                                       0,   0,  99,   0,   0,   1,   0,   0,   0,  98,   0,   0,   0,   0,  0,   0,   0,   0,   0,   0,   0,   0,   0,   0,   1,   0,   0,   0,  0,   0,   0,   0,   0,   0,   0,   0,   0,   0,   0,   0,   0,   0,  0,   0,   0,   0,   0,   0,   0,   0,   0,   0,   0,   0,   0,   0,  0,   0,   1,   0,   0,   0,   0,   0,   0,   0,   0,   0,   0,   0,  0,   0,   0,   0,   0,   0,   0,   0,   0,   0,   0,   0,   0,   0,  0,   0,   0,   0,   0,   0,   0,   0,
wget-multiple,                                                                                    34,   0,   0,  75,  15,  24,  22,   8,   0,   0,   0,   0,   0,   0,  0,   0,   0,   0,   0,   0,   0,   0,   0,   0,   0,   0,   0,   0,  0,   0,   0,   0,   0,   0,   0,   0,   0,   0,   0,   0,   0,   0,  0,   0,   0,   0,   0,   0,   0,   0,   0,   0,   0,   0,   0,   0,  0,   0,   0,   0,   0,   0,   0,   0,   0,   0,   0,   0,   0,   0,  0,   0,   0,   0,   0,   0,   0,   0,   0,   0,   0,   0,   0,   0,  0,   0,   0,   0,   0,   0,   0,  22,
regular-wget,                                                                                     31,   0,   0,  37,  56,  20,  20,   5,   0,   0,   0,   0,   1,   0,  0,   0,   0,   0,   0,   0,   0,   0,   0,   0,   0,   0,   0,   0,  0,   0,   0,   0,   0,   0,   0,   0,   0,   0,   0,   0,   0,   0,  0,   0,   0,   0,   0,   0,   0,   0,   0,   0,   0,   0,   0,   0,  0,   0,   0,   0,   0,   0,   0,   0,   0,   0,   0,   0,   0,   0,  0,   0,   0,   0,   0,   0,   0,   0,   0,   0,   0,   0,   0,   0,  0,   0,   0,   0,   0,   0,   0,  30,
scp-linux,                                                                                        28,   0,   0,  28,  26,  56,  24,   9,   0,   0,   0,   1,   0,   0,  0,   0,   0,   0,   0,   0,   0,   0,   0,   0,   0,   0,   0,   0,  0,   0,   0,   0,   0,   0,   0,   0,   0,   0,   0,   0,   0,   0,  0,   0,   0,   0,   0,   0,   0,   0,   0,   0,   0,   0,   0,   0,  0,   0,   0,   0,   0,   0,   0,   0,   0,   0,   0,   0,   0,   0,  0,   0,   0,   0,   0,   0,   0,   0,   0,   0,   0,   0,   0,   0,  0,   0,   0,   0,   0,   0,   0,  28,
wget-wikipedia,                                                                                   31,   0,   0,  33,  20,  23,  50,  10,   0,   0,   0,   2,   1,   0,  0,   0,   0,   0,   0,   0,   0,   0,   0,   0,   0,   0,   0,   0,  0,   0,   0,   0,   0,   0,   0,   0,   0,   0,   0,   0,   0,   0,  0,   0,   0,   0,   0,   0,   0,   0,   0,   0,   0,   0,   0,   0,  0,   0,   0,   0,   0,   0,   0,   0,   0,   0,   0,   0,   0,   0,  0,   0,   0,   0,   0,   0,   0,   0,   0,   0,   0,   0,   0,   0,  0,   0,   0,   0,   0,   0,   0,  30,
facebook-default-route,                                                                           21,   0,   0,  21,  21,  18,  19,  81,   0,   0,   0,   0,   0,   0,  0,   0,   0,   0,   0,   0,   0,   0,   0,   0,   0,   0,   0,   0,  0,   0,   0,   0,   0,   0,   0,   0,   0,   0,   0,   0,   0,   0,  0,   0,   0,   0,   0,   0,   0,   0,   0,   0,   0,   0,   0,   1,  1,   0,   0,   0,   0,   0,   0,   0,   0,   0,   0,   0,   0,   0,  0,   0,   0,   0,   0,   0,   0,   0,   0,   0,   0,   0,   0,   0,  0,   0,   0,   0,   0,   0,   0,  17,
iperf-1M,                                                                                         0,   0,   0,   0,   0,   0,   0,   0, 199,   0,   0,   0,   0,   0,  0,   0,   0,   0,   0,   0,   0,   0,   0,   0,   0,   0,   0,   0,  0,   0,   0,   0,   0,   0,   0,   0,   0,   0,   0,   0,   0,   0,  0,   0,   0,   0,   0,   0,   0,   0,   0,   0,   0,   0,   0,   0,  0,   0,   0,   0,   0,   0,   0,   0,   0,   0,   0,   0,   0,   0,  0,   0,   0,   0,   0,   0,   0,   0,   0,   0,   1,   0,   0,   0,  0,   0,   0,   0,   0,   0,   0,   0,
iperf-100K,                                                                                        0,   0,  99,   0,   0,   0,   0,   0,   0,  99,   0,   0,   0,   0,  0,   0,   0,   0,   0,   0,   0,   0,   0,   0,   1,   0,   0,   0,  0,   0,   0,   0,   0,   0,   0,   0,   0,   0,   0,   0,   0,   0,  0,   0,   0,   0,   0,   0,   0,   0,   0,   0,   0,   0,   0,   0,  0,   0,   1,   0,   0,   0,   0,   0,   0,   0,   0,   0,   0,   0,  0,   0,   0,   0,   0,   0,   0,   0,   0,   0,   0,   0,   0,   0,  0,   0,   0,   0,   0,   0,   0,   0,
iperf-10K,                                                                                         0,   0,   0,   0,   0,   0,   0,   1,   0,   0, 199,   0,   0,   0,  0,   0,   0,   0,   0,   0,   0,   0,   0,   0,   0,   0,   0,   0,  0,   0,   0,   0,   0,   0,   0,   0,   0,   0,   0,   0,   0,   0,  0,   0,   0,   0,   0,   0,   0,   0,   0,   0,   0,   0,   0,   0,  0,   0,   0,   0,   0,   0,   0,   0,   0,   0,   0,   0,   0,   0,  0,   0,   0,   0,   0,   0,   0,   0,   0,   0,   0,   0,   0,   0,  0,   0,   0,   0,   0,   0,   0,   0,
ping-2s-15B,                                                                                       5,   0,   0,  10,  11,  15,   3,   2,   0,   0,   0, 138,   0,   5,  0,   0,   0,   0,   0,   0,   0,   0,   0,   0,   0,   0,   0,   0,  0,   0,   0,   0,   0,   0,   0,   0,   0,   0,   0,   0,   0,   0,  0,   0,   0,   0,   0,   0,   0,   0,   0,   0,   0,   0,   0,   0,  0,   0,   0,   0,   0,   0,   0,   0,   0,   0,   0,   0,   0,   0,  0,   0,   0,   0,   0,   0,   0,   0,   0,   0,   0,   0,   0,   0,  0,   0,   0,   0,   0,   0,   0,  11,
ping-5s-35B,                                                                                       6,   0,   0,   3,   3,   5,   5,   0,   0,   0,   0,   0, 154,   0,  0,  17,   4,   0,   0,   0,   0,   0,   0,   0,   0,   0,   0,   0,  0,   0,   0,   0,   0,   0,   0,   0,   0,   0,   0,   0,   0,   0,  0,   0,   0,   0,   0,   0,   0,   0,   0,   0,   0,   0,   0,   0,  0,   0,   1,   0,   0,   0,   0,   0,   0,   0,   0,   0,   0,   0,  0,   0,   0,   0,   0,   0,   0,   0,   0,   0,   0,   0,   0,   0,  0,   0,   0,   0,   0,   0,   0,   2,
ping-2s-350B,                                                                                      0,   0,   0,   0,   0,   0,   0,   0,   0,   1,   0,   0,   0, 191,  6,   0,   0,   0,   0,   0,   0,   0,   0,   0,   0,   0,   0,   0,  0,   0,   0,   0,   0,   0,   0,   0,   0,   0,   0,   0,   0,   0,  0,   0,   0,   0,   0,   0,   0,   0,   0,   0,   0,   0,   0,   0,  0,   0,   2,   0,   0,   0,   0,   0,   0,   0,   0,   0,   0,   0,  0,   0,   0,   0,   0,   0,   0,   0,   0,   0,   0,   0,   0,   0,  0,   0,   0,   0,   0,   0,   0,   0,
ping-2s-850B,                                                                                      0,   0,   0,   0,   0,   0,   0,   0,   0,   0,   0,   0,   0,   3,  196,   0,   0,   0,   0,   0,   0,   0,   0,   0,   0,   0,   0,   0,  0,   0,   0,   0,   0,   0,   0,   1,   0,   0,   0,   0,   0,   0,  0,   0,   0,   0,   0,   0,   0,   0,   0,   0,   0,   0,   0,   0,  0,   0,   0,   0,   0,   0,   0,   0,   0,   0,   0,   0,   0,   0,  0,   0,   0,   0,   0,   0,   0,   0,   0,   0,   0,   0,   0,   0,  0,   0,   0,   0,   0,   0,   0, 0,
ping-5s-350B,                                                                                      0,   0,   0,   0,   1,   0,   0,   0,   0,   0,   0,   0,  20,   1,  0, 172,   2,   0,   0,   0,   0,   0,   0,   0,   0,   0,   0,   1,  0,   0,   0,   0,   0,   0,   0,   0,   0,   0,   0,   0,   0,   0,  0,   0,   0,   0,   0,   1,   0,   0,   0,   0,   0,   0,   0,   0,  0,   0,   0,   0,   0,   0,   0,   0,   0,   0,   0,   0,   0,   0,  0,   0,   0,   0,   0,   0,   0,   0,   0,   0,   0,   0,   0,   0,  0,   0,   0,   0,   0,   0,   0,   2,
ping-5s-850B,                                                                                      0,   0,   1,   0,   0,   0,   0,   0,   0,   0,   0,   0,   1,   0,  0,   7, 190,   0,   0,   0,   0,   0,   0,   0,   0,   0,   0,   0,  0,   0,   1,   0,   0,   0,   0,   0,   0,   0,   0,   0,   0,   0,  0,   0,   0,   0,   0,   0,   0,   0,   0,   0,   0,   0,   0,   0,  0,   0,   0,   0,   0,   0,   0,   0,   0,   0,   0,   0,   0,   0,  0,   0,   0,   0,   0,   0,   0,   0,   0,   0,   0,   0,   0,   0,  0,   0,   0,   0,   0,   0,   0,   0,
f-iperf-30M-h-iperf-30M,                                                                           0,   0,   0,   0,   0,   0,   0,   0,   0,   0,   0,   0,   0,   0,  0,   0,   0, 200,   0,   0,   0,   0,   0,   0,   0,   0,   0,   0,  0,   0,   0,   0,   0,   0,   0,   0,   0,   0,   0,   0,   0,   0,  0,   0,   0,   0,   0,   0,   0,   0,   0,   0,   0,   0,   0,   0,  0,   0,   0,   0,   0,   0,   0,   0,   0,   0,   0,   0,   0,   0,  0,   0,   0,   0,   0,   0,   0,   0,   0,   0,   0,   0,   0,   0,  0,   0,   0,   0,   0,   0,   0,   0,
f-iperf-40M-h-iperf-40M,                                                                           0,   0,   0,   0,   0,   0,   0,   0,   0,   0,   0,   0,   0,   0,  0,   0,   0,   0, 200,   0,   0,   0,   0,   0,   0,   0,   0,   0,  0,   0,   0,   0,   0,   0,   0,   0,   0,   0,   0,   0,   0,   0,  0,   0,   0,   0,   0,   0,   0,   0,   0,   0,   0,   0,   0,   0,  0,   0,   0,   0,   0,   0,   0,   0,   0,   0,   0,   0,   0,   0,  0,   0,   0,   0,   0,   0,   0,   0,   0,   0,   0,   0,   0,   0,  0,   0,   0,   0,   0,   0,   0,   0,
f-ping-400B-3s-h-iperf-100M,                                                                       0,   0,   0,   0,   0,   0,   0,   0,   0,   0,   0,   0,   0,   0,  0,   0,   0,   0,   0, 154,  46,   0,   0,   0,   0,   0,   0,   0,  0,   0,   0,   0,   0,   0,   0,   0,   0,   0,   0,   0,   0,   0,  0,   0,   0,   0,   0,   0,   0,   0,   0,   0,   0,   0,   0,   0,  0,   0,   0,   0,   0,   0,   0,   0,   0,   0,   0,   0,   0,   0,  0,   0,   0,   0,   0,   0,   0,   0,   0,   0,   0,   0,   0,   0,  0,   0,   0,   0,   0,   0,   0,   0,
f-ping-400B-3s-h-iperf-80M,                                                                        0,   0,   0,   0,   0,   0,   0,   0,   0,   0,   0,   0,   0,   0,  0,   0,   0,   0,   0, 133,  67,   0,   0,   0,   0,   0,   0,   0,  0,   0,   0,   0,   0,   0,   0,   0,   0,   0,   0,   0,   0,   0,  0,   0,   0,   0,   0,   0,   0,   0,   0,   0,   0,   0,   0,   0,  0,   0,   0,   0,   0,   0,   0,   0,   0,   0,   0,   0,   0,   0,  0,   0,   0,   0,   0,   0,   0,   0,   0,   0,   0,   0,   0,   0,  0,   0,   0,   0,   0,   0,   0,   0,
amazon-add-to-cart,                                                                                0,   0,   0,   0,   0,   0,   0,   0,   0,   0,   0,   0,   0,   0,  0,   0,   0,   0,   0,   0,   0, 189,   7,   0,   0,   0,   0,   0,  0,   0,   0,   0,   1,   1,   1,   0,   0,   0,   0,   0,   0,   0,  0,   0,   0,   0,   0,   0,   0,   0,   0,   0,   0,   0,   0,   0,  0,   0,   1,   0,   0,   0,   0,   0,   0,   0,   0,   0,   0,   0,  0,   0,   0,   0,   0,   0,   0,   0,   0,   0,   0,   0,   0,   0,  0,   0,   0,   0,   0,   0,   0,   0,
amazon-browse-front,                                                                               0,   0,   0,   0,   0,   0,   0,   0,   0,   0,   0,   0,   0,   0,  0,   0,   0,   0,   0,   0,   0,   9, 187,   0,   0,   0,   0,   0,  1,   0,   0,   0,   1,   0,   2,   0,   0,   0,   0,   0,   0,   0,  0,   0,   0,   0,   0,   0,   0,   0,   0,   0,   0,   0,   0,   0,  0,   0,   0,   0,   0,   0,   0,   0,   0,   0,   0,   0,   0,   0,  0,   0,   0,   0,   0,   0,   0,   0,   0,   0,   0,   0,   0,   0,  0,   0,   0,   0,   0,   0,   0,   0,
gdocs-basic-writing,                                                                               0,   7,   1,   0,   0,   0,   0,   0,   0,   0,   0,   0,   0,   0,  0,   0,   0,   0,   0,   0,   0,   0,   0, 183,   3,   3,   0,   1,  0,   0,   1,   0,   0,   0,   0,   0,   0,   0,   0,   0,   0,   0,  0,   0,   0,   0,   0,   0,   0,   0,   0,   0,   0,   0,   0,   0,  0,   0,   1,   0,   0,   0,   0,   0,   0,   0,   0,   0,   0,   0,  0,   0,   0,   0,   0,   0,   0,   0,   0,   0,   0,   0,   0,   0,  0,   0,   0,   0,   0,   0,   0,   0,
gdocs-listen-to-writing-same,                                                                      0,   2,   0,   0,   0,   0,   0,   0,   0,   1,   0,   0,   0,   0,  0,   0,   0,   0,   0,   0,   0,   0,   0,   3, 185,   7,   0,   2,  0,   0,   0,   0,   0,   0,   0,   0,   0,   0,   0,   0,   0,   0,  0,   0,   0,   0,   0,   0,   0,   0,   0,   0,   0,   0,   0,   0,  0,   0,   0,   0,   0,   0,   0,   0,   0,   0,   0,   0,   0,   0,  0,   0,   0,   0,   0,   0,   0,   0,   0,   0,   0,   0,   0,   0,  0,   0,   0,   0,   0,   0,   0,   0,
gdocs-listen-\&-writing-diff,                                                                      0,   3,   0,   0,   0,   0,   0,   0,   0,   0,   1,   0,   0,   0,  0,   0,   0,   0,   0,   0,   0,   0,   0,   3,   3, 189,   0,   0,  0,   0,   0,   0,   0,   0,   0,   0,   0,   0,   0,   0,   0,   0,  0,   0,   0,   0,   0,   1,   0,   0,   0,   0,   0,   0,   0,   0,  0,   0,   0,   0,   0,   0,   0,   0,   0,   0,   0,   0,   0,   0,  0,   0,   0,   0,   0,   0,   0,   0,   0,   0,   0,   0,   0,   0,  0,   0,   0,   0,   0,   0,   0,   0,
gmail-basic-recieving,                                                                             0,   1,   0,   0,   0,   0,   0,   0,   0,   0,   0,   0,   0,   0,  0,   0,   0,   0,   0,   0,   0,   0,   0,   0,   2,   0, 188,   4,  0,   0,   1,   0,   0,   0,   0,   0,   0,   0,   0,   0,   0,   0,  1,   0,   0,   0,   0,   0,   0,   0,   0,   0,   0,   1,   0,   0,  0,   0,   2,   0,   0,   0,   0,   0,   0,   0,   0,   0,   0,   0,  0,   0,   0,   0,   0,   0,   0,   0,   0,   0,   0,   0,   0,   0,  0,   0,   0,   0,   0,   0,   0,   0,
gmail-basic-sending,                                                                               0,   0,   0,   0,   0,   0,   0,   0,   0,   0,   1,   0,   0,   0,  0,   0,   0,   0,   0,   0,   0,   0,   0,   0,   0,   0,   8, 185,  0,   0,   0,   0,   0,   0,   0,   0,   0,   0,   0,   0,   0,   0,  0,   0,   0,   0,   0,   3,   0,   0,   0,   0,   0,   1,   0,   0,  0,   0,   2,   0,   0,   0,   0,   0,   0,   0,   0,   0,   0,   0,  0,   0,   0,   0,   0,   0,   0,   0,   0,   0,   0,   0,   0,   0,  0,   0,   0,   0,   0,   0,   0,   0,
astley-youtube-adblock,                                                                            0,   0,   0,   0,   0,   0,   0,   0,   0,   0,   0,   0,   0,   0,  0,   0,   0,   0,   0,   0,   0,   0,   0,   0,   1,   0,   0,   1,  197,   0,   0,   0,   0,   1,   0,   0,   0,   0,   0,   0,   0,   0,  0,   0,   0,   0,   0,   0,   0,   0,   0,   0,   0,   0,   0,   0,  0,   0,   0,   0,   0,   0,   0,   0,   0,   0,   0,   0,   0,   0,  0,   0,   0,   0,   0,   0,   0,   0,   0,   0,   0,   0,   0,   0,  0,   0,   0,   0,   0,   0,   0, 0,
astley-youtube-raw,                                                                                0,   0,   0,   0,   0,   0,   0,   0,   0,   0,   0,   0,   0,   0,  0,   0,   0,   0,   0,   0,   0,   0,   0,   0,   0,   0,   0,   0,  1, 199,   0,   0,   0,   0,   0,   0,   0,   0,   0,   0,   0,   0,  0,   0,   0,   0,   0,   0,   0,   0,   0,   0,   0,   0,   0,   0,  0,   0,   0,   0,   0,   0,   0,   0,   0,   0,   0,   0,   0,   0,  0,   0,   0,   0,   0,   0,   0,   0,   0,   0,   0,   0,   0,   0,  0,   0,   0,   0,   0,   0,   0,   0,
google-basic-search,                                                                               0,   0,   0,   0,   0,   0,   0,   0,   0,   0,   1,   0,   0,   0,  0,   0,   0,   0,   0,   0,   0,   0,   0,   0,   1,   0,   0,   0,  0,   0, 195,   0,   0,   0,   0,   0,   0,   0,   0,   0,   0,   0,  0,   0,   0,   0,   0,   0,   0,   0,   0,   0,   0,   0,   0,   0,  0,   0,   3,   0,   0,   0,   0,   0,   0,   0,   0,   0,   0,   0,  0,   0,   0,   0,   0,   0,   0,   0,   0,   0,   0,   0,   0,   0,  0,   0,   0,   0,   0,   0,   0,   0,
gtranslate-basic-lorem,                                                                            0,   0,   0,   0,   0,   0,   0,   0,   0,   0,   0,   0,   0,   0,  0,   0,   0,   0,   0,   0,   0,   0,   1,   0,   0,   1,   0,   0,  0,   0,   0, 188,   8,   0,   1,   0,   0,   0,   0,   0,   0,   0,  0,   0,   0,   0,   0,   0,   0,   0,   0,   0,   0,   0,   0,   0,  0,   0,   1,   0,   0,   0,   0,   0,   0,   0,   0,   0,   0,   0,  0,   0,   0,   0,   0,   0,   0,   0,   0,   0,   0,   0,   0,   0,  0,   0,   0,   0,   0,   0,   0,   0,
gtranslate-french-lorem,                                                                           0,   0,   0,   0,   0,   0,   0,   0,   0,   0,   1,   0,   0,   0,  0,   0,   0,   0,   0,   0,   0,   0,   0,   0,   1,   0,   0,   0,  0,   0,   0,   7, 189,   0,   0,   0,   0,   0,   0,   0,   0,   0,  0,   0,   0,   0,   0,   0,   0,   0,   0,   0,   0,   0,   0,   0,  0,   0,   2,   0,   0,   0,   0,   0,   0,   0,   0,   0,   0,   0,  0,   0,   0,   0,   0,   0,   0,   0,   0,   0,   0,   0,   0,   0,  0,   0,   0,   0,   0,   0,   0,   0,
twitch-basic-streamer-view,                                                                        0,   0,   0,   0,   0,   0,   0,   0,   0,   0,   0,   0,   0,   0,  0,   0,   0,   0,   0,   0,   0,   1,   0,   0,   1,   0,   0,   0,  0,   0,   0,   1,   0, 187,  10,   0,   0,   0,   0,   0,   0,   0,  0,   0,   0,   0,   0,   0,   0,   0,   0,   0,   0,   0,   0,   0,  0,   0,   0,   0,   0,   0,   0,   0,   0,   0,   0,   0,   0,   0,  0,   0,   0,   0,   0,   0,   0,   0,   0,   0,   0,   0,   0,   0,  0,   0,   0,   0,   0,   0,   0,   0,
twitch-view-home,                                                                                  0,   1,   0,   0,   0,   0,   0,   0,   0,   0,   0,   0,   0,   0,  0,   0,   0,   0,   0,   0,   0,   0,   0,   0,   0,   0,   0,   1,  0,   0,   0,   0,   0,   4, 193,   0,   0,   0,   0,   0,   0,   0,  0,   0,   0,   0,   0,   0,   0,   0,   0,   0,   0,   0,   0,   0,  0,   0,   0,   0,   0,   1,   0,   0,   0,   0,   0,   0,   0,   0,  0,   0,   0,   0,   0,   0,   0,   0,   0,   0,   0,   0,   0,   0,  0,   0,   0,   0,   0,   0,   0,   0,
wget-multiple-reversed,                                                                            0,   0,   0,   0,   0,   0,   0,   0,   0,   0,   0,   0,   0,   0,  0,   0,   0,   0,   0,   0,   0,   0,   0,   0,   0,   0,   0,   0,  0,   0,   0,   0,   0,   0,   0, 199,   0,   0,   0,   0,   0,   0,  0,   0,   0,   0,   0,   0,   0,   0,   0,   0,   0,   0,   0,   0,  0,   0,   0,   0,   0,   0,   0,   0,   0,   0,   0,   0,   0,   0,  0,   0,   0,   0,   0,   0,   0,   0,   0,   0,   0,   0,   0,   0,  0,   0,   0,   0,   0,   0,   0,   0,
amazon-add-to-cart-reverse,                                                                        0,   0,   0,   0,   0,   0,   0,   0,   0,   0,   0,   0,   0,   0,  0,   0,   0,   0,   0,   0,   0,   0,   0,   0,   0,   0,   0,   0,  0,   0,   0,   0,   0,   0,   0,   0, 188,   8,   0,   0,   0,   0,  0,   0,   1,   0,   0,   0,   0,   0,   0,   0,   1,   0,   1,   0,  0,   0,   0,   0,   0,   0,   0,   0,   0,   0,   1,   0,   0,   0,  0,   0,   0,   0,   0,   0,   0,   0,   0,   0,   0,   0,   0,   0,  0,   0,   0,   0,   0,   0,   0,   0,
amazon-browse-front-reversed,                                                                      0,   0,   0,   0,   0,   0,   0,   0,   0,   0,   0,   0,   0,   0,  0,   0,   0,   0,   0,   0,   0,   0,   0,   0,   0,   0,   0,   0,  0,   0,   0,   0,   0,   0,   0,   0,  11, 186,   0,   0,   0,   0,  0,   0,   0,   0,   0,   0,   0,   0,   0,   1,   0,   1,   0,   0,  0,   0,   0,   0,   0,   0,   0,   0,   0,   0,   0,   0,   0,   0,  0,   0,   0,   0,   1,   0,   0,   0,   0,   0,   0,   0,   0,   0,  0,   0,   0,   0,   0,   0,   0,   0,
astley-youtube-adblock-reversed,                                                                   0,   0,   0,   0,   0,   0,   0,   0,   0,   0,   0,   0,   0,   0,  0,   0,   0,   0,   0,   0,   0,   0,   0,   0,   0,   0,   0,   0,  0,   0,   0,   0,   0,   0,   0,   0,   0,   0, 200,   0,   0,   0,  0,   0,   0,   0,   0,   0,   0,   0,   0,   0,   0,   0,   0,   0,  0,   0,   0,   0,   0,   0,   0,   0,   0,   0,   0,   0,   0,   0,  0,   0,   0,   0,   0,   0,   0,   0,   0,   0,   0,   0,   0,   0,  0,   0,   0,   0,   0,   0,   0,   0,
facebook-default-route-reversed,                                                                   0,   0,   0,   0,   0,   0,   0,   0,   0,   1,   0,   0,   0,   0,  0,   0,   0,   0,   0,   0,   0,   0,   0,   0,   0,   0,   0,   1,  0,   0,   0,   0,   0,   0,   0,   0,   0,   0,   0, 119,   0,   0,  0,   0,   0,   0,   0,   4,   0,   0,   0,   0,   0,   0,   0,   1,  0,   0,   0,   0,   0,  34,  40,   0,   0,   0,   0,   0,   0,   0,  0,   0,   0,   0,   0,   0,   0,   0,   0,   0,   0,   0,   0,   0,  0,   0,   0,   0,   0,   0,   0,   0,
gdocs-basic-writing-reversed,                                                                      0,   0,   0,   0,   0,   0,   0,   0,   0,   0,   0,   0,   0,   0,  0,   0,   0,   0,   0,   0,   0,   0,   0,   0,   0,   0,   0,   0,  0,   0,   0,   0,   0,   1,   0,   0,   0,   0,   0,   0, 191,   8,  0,   0,   0,   0,   0,   0,   0,   0,   0,   0,   0,   0,   0,   0,  0,   0,   0,   0,   0,   0,   0,   0,   0,   0,   0,   0,   0,   0,  0,   0,   0,   0,   0,   0,   0,   0,   0,   0,   0,   0,   0,   0,  0,   0,   0,   0,   0,   0,   0,   0,
gdocs-listen-to-writing-diff-reversed,                                                             0,   0,   0,   0,   0,   0,   0,   0,   0,   0,   0,   0,   0,   0,  0,   0,   0,   0,   0,   0,   0,   0,   0,   0,   0,   0,   0,   0,  0,   0,   0,   0,   0,   0,   0,   0,   0,   0,   0,   0,   8, 192,  0,   0,   0,   0,   0,   0,   0,   0,   0,   0,   0,   0,   0,   0,  0,   0,   0,   0,   0,   0,   0,   0,   0,   0,   0,   0,   0,   0,  0,   0,   0,   0,   0,   0,   0,   0,   0,   0,   0,   0,   0,   0,  0,   0,   0,   0,   0,   0,   0,   0,
gmail-basic-recieving-reversed,                                                                    0,   0,   0,   0,   0,   0,   0,   0,   0,   0,   0,   0,   0,   0,  0,   0,   0,   0,   0,   0,   0,   0,   0,   0,   0,   0,   0,   0,  0,   0,   0,   0,   0,   0,   0,   1,   0,   0,   0,   0,   0,   0,  186,  11,   0,   0,   0,   0,   0,   0,   0,   0,   0,   0,   0,   0,  0,   0,   0,   0,   2,   0,   0,   0,   0,   0,   0,   0,   0,   0,  0,   0,   0,   0,   0,   0,   0,   0,   0,   0,   0,   0,   0,   0,  0,   0,   0,   0,   0,   0,   0, 0,
gmail-basic-sending-reversed,                                                                      0,   0,   0,   0,   0,   0,   0,   0,   0,   0,   0,   0,   0,   0,  0,   0,   0,   0,   0,   0,   0,   0,   0,   0,   0,   0,   0,   0,  1,   0,   0,   0,   0,   0,   0,   0,   0,   0,   0,   0,   0,   0,  10, 189,   0,   0,   0,   0,   0,   0,   0,   0,   0,   0,   0,   0,  0,   0,   0,   0,   0,   0,   0,   0,   0,   0,   0,   0,   0,   0,  0,   0,   0,   0,   0,   0,   0,   0,   0,   0,   0,   0,   0,   0,  0,   0,   0,   0,   0,   0,   0,  0,
google-basic-search-reversed,                                                                      0,   0,   0,   0,   0,   0,   0,   0,   0,   0,   0,   0,   0,   0,  0,   0,   0,   0,   0,   0,   0,   0,   0,   0,   0,   0,   0,   0,  0,   0,   0,   0,   0,   0,   0,   0,   0,   1,   0,   0,   0,   0,  0,   0, 199,   0,   0,   0,   0,   0,   0,   0,   0,   0,   0,   0,  0,   0,   0,   0,   0,   0,   0,   0,   0,   0,   0,   0,   0,   0,  0,   0,   0,   0,   0,   0,   0,   0,   0,   0,   0,   0,   0,   0,  0,   0,   0,   0,   0,   0,   0,   0,
gtranslate-basic-lorem-reversed,                                                                   0,   0,   0,   0,   0,   0,   0,   0,   0,   0,   0,   0,   0,   0,  0,   0,   0,   0,   0,   0,   0,   0,   0,   0,   0,   0,   0,   0,  0,   0,   0,   0,   0,   0,   0,   0,   0,   0,   0,   0,   0,   0,  0,   0,   0, 189,  11,   0,   0,   0,   0,   0,   0,   0,   0,   0,  0,   0,   0,   0,   0,   0,   0,   0,   0,   0,   0,   0,   0,   0,  0,   0,   0,   0,   0,   0,   0,   0,   0,   0,   0,   0,   0,   0,  0,   0,   0,   0,   0,   0,   0,   0,
gtranslate-french-lorem-reversed,                                                                  0,   0,   0,   0,   0,   0,   0,   0,   0,   0,   0,   0,   0,   0,  0,   0,   0,   0,   0,   0,   0,   0,   0,   0,   0,   0,   0,   0,  0,   0,   0,   0,   0,   0,   0,   0,   1,   0,   0,   0,   0,   0,  0,   0,   0,   7, 192,   0,   0,   0,   0,   0,   0,   0,   0,   0,  0,   0,   0,   0,   0,   0,   0,   0,   0,   0,   0,   0,   0,   0,  0,   0,   0,   0,   0,   0,   0,   0,   0,   0,   0,   0,   0,   0,  0,   0,   0,   0,   0,   0,   0,   0,
wget-wikipedia-reversed,                                                                           0,   0,   0,   0,   0,   0,   0,   0,   0,   0,   0,   0,   0,   0,  0,   0,   0,   0,   0,   0,   0,   0,   0,   0,   0,   0,   0,   0,  0,   0,   0,   0,   0,   0,   0,   0,   0,   0,   0,  10,   0,   0,  0,   0,   0,   0,   0, 140,   0,   0,   0,   0,   0,   1,   0,   0,  0,   0,   1,   0,   0,  25,  23,   0,   0,   0,   0,   0,   0,   0,  0,   0,   0,   0,   0,   0,   0,   0,   0,   0,   0,   0,   0,   0,  0,   0,   0,   0,   0,   0,   0,   0,
twitch-basic-streamer-view-reversed,                                                               0,   0,   0,   0,   0,   0,   0,   0,   0,   0,   0,   0,   0,   0,  0,   0,   0,   0,   0,   0,   0,   0,   0,   0,   0,   0,   0,   0,  0,   0,   0,   0,   0,   0,   0,   0,   0,   0,   0,   0,   0,   0,  0,   0,   0,   0,   0,   0, 198,   0,   0,   1,   0,   0,   0,   0,  0,   0,   0,   0,   0,   0,   0,   0,   0,   0,   0,   0,   0,   0,  0,   0,   0,   0,   0,   0,   0,   0,   0,   0,   0,   0,   1,   0,  0,   0,   0,   0,   0,   0,   0,   0,
mixed-gdoc-basic-writing-youtube-ads,                                                              0,   0,   0,   0,   0,   0,   0,   0,   0,   0,   0,   0,   0,   0,  0,   0,   0,   0,   0,   0,   0,   0,   0,   0,   0,   0,   0,   0,  0,   0,   0,   0,   0,   0,   0,   0,   0,   0,   0,   0,   0,   0,  0,   0,   0,   0,   0,   0,   0, 200,   0,   0,   0,   0,   0,   0,  0,   0,   0,   0,   0,   0,   0,   0,   0,   0,   0,   0,   0,   0,  0,   0,   0,   0,   0,   0,   0,   0,   0,   0,   0,   0,   0,   0,  0,   0,   0,   0,   0,   0,   0,   0,
mixed-scp-rsync,                                                                                   0,   0,   0,   0,   0,   0,   0,   0,   0,   0,   0,   0,   0,   0,  0,   0,   0,   0,   0,   0,   0,   0,   0,   0,   0,   0,   0,   0,  0,   0,   0,   0,   0,   0,   0,   0,   0,   0,   0,   0,   0,   0,  0,   0,   0,   0,   0,   0,   0,   0, 200,   0,   0,   0,   0,   0,  0,   0,   0,   0,   0,   0,   0,   0,   0,   0,   0,   0,   0,   0,  0,   0,   0,   0,   0,   0,   0,   0,   0,   0,   0,   0,   0,   0,  0,   0,   0,   0,   0,   0,   0,   0,
mixed-twitch-curl-https,                                                                           0,   0,   0,   0,   0,   0,   0,   0,   0,   0,   0,   0,   0,   0,  0,   0,   0,   0,   0,   0,   0,   0,   0,   0,   0,   0,   0,   0,  0,   0,   0,   0,   0,   0,   0,   0,   1,   0,   0,   0,   0,   0,  0,   0,   0,   0,   0,   0,   1,   0,   0, 196,   1,   0,   1,   0,  0,   0,   0,   0,   0,   0,   0,   0,   0,   0,   0,   0,   0,   0,  0,   0,   0,   0,   0,   0,   0,   0,   0,   0,   0,   0,   0,   0,  0,   0,   0,   0,   0,   0,   0,   0,
mixed-twitch-iperf-100K,                                                                           0,   0,   0,   0,   0,   0,   0,   0,   0,   0,   0,   0,   0,   0,  0,   0,   0,   0,   0,   0,   0,   0,   0,   0,   0,   0,   0,   0,  0,   0,   0,   0,   0,   0,   0,   0,   1,   0,   0,   0,   0,   0,  0,   0,   0,   0,   0,   0,   0,   0,   0,   0, 184,   0,   0,   0,  0,   0,   0,   3,   0,   0,   0,   0,   0,   0,   0,   0,   0,   2,  10,   0,   0,   0,   0,   0,   0,   0,   0,   0,   0,   0,   0,   0,  0,   0,   0,   0,   0,   0,   0,  0,
mixed-stutter-wget-ftp-large-scp,                                                                  0,   0,   0,   0,   0,   0,   0,   0,   0,   0,   0,   0,   0,   0,  0,   0,   0,   0,   0,   0,   0,   0,   0,   0,   0,   0,   0,   0,  0,   0,   0,   0,   0,   0,   0,   0,   0,   0,   0,   0,   0,   0,  0,   0,   0,   0,   0,   1,   0,   0,   0,   0,   0, 188,   0,   0,  0,   0,  10,   0,   1,   0,   0,   0,   0,   0,   0,   0,   0,   0,  0,   0,   0,   0,   0,   0,   0,   0,   0,   0,   0,   0,   0,   0,  0,   0,   0,   0,   0,   0,   0,   0,
mixed-twitch-wget-ftp-large,                                                                       0,   0,   0,   0,   0,   0,   0,   0,   0,   0,   0,   0,   0,   0,  0,   0,   0,   0,   0,   0,   0,   0,   0,   0,   0,   0,   0,   0,  0,   0,   0,   0,   0,   0,   0,   0,   0,   0,   0,   0,   0,   0,  0,   0,   0,   0,   0,   0,   0,   0,   0,   0,   0,   0, 199,   0,  0,   0,   0,   0,   0,   0,   0,   0,   0,   0,   0,   0,   0,   0,  0,   0,   0,   0,   0,   0,   0,   0,   0,   0,   0,   1,   0,   0,  0,   0,   0,   0,   0,   0,   0,   0,
mixed-wget-ftp-large-wget-short,                                                                   0,   0,   0,   0,   0,   0,   0,   1,   0,   0,   0,   0,   0,   0,  0,   0,   0,   0,   0,   0,   0,   0,   0,   0,   0,   0,   1,   0,  0,   0,   0,   0,   0,   1,   0,   0,   0,   0,   0,   1,   0,   0,  0,   0,   0,   0,   0,   1,   0,   0,   0,   0,   0,   0,   0, 194,  0,   0,   0,   0,   0,   1,   0,   0,   0,   0,   0,   0,   0,   0,  0,   0,   0,   0,   0,   0,   0,   0,   0,   0,   0,   0,   0,   0,  0,   0,   0,   0,   0,   0,   0,   0,
mixed-wget-https-large-wget-short,                                                                 0,   0,   0,   0,   0,   0,   0,   0,   0,   0,   1,   1,   0,   0,  0,   0,   0,   0,   0,   0,   0,   0,   0,   0,   0,   0,   1,   0,  0,   0,   0,   0,   0,   0,   0,   0,   0,   0,   0,   3,   0,   0,  0,   0,   0,   0,   0,   2,   0,   0,   0,   0,   0,   0,   0,   0,  176,   0,   0,   0,   0,   8,   8,   0,   0,   0,   0,   0,   0,   0,  0,   0,   0,   0,   0,   0,   0,   0,   0,   0,   0,   0,   0,   0,  0,   0,   0,   0,   0,   0,   0, 0,
mixed-stutter-wget-ftp-large-youtube,                                                              0,   0,   0,   0,   0,   0,   0,   0,   0,   0,   0,   0,   0,   0,  0,   0,   0,   0,   0,   0,   0,   0,   0,   0,   0,   0,   0,   0,  0,   0,   0,   0,   0,   0,   0,   0,   0,   0,   0,   0,   0,   0,  0,   0,   0,   0,   0,   0,   0,   0,   0,   0,   0,   0,   0,   0,  0, 199,   0,   0,   0,   0,   0,   0,   0,   0,   0,   1,   0,   0,  0,   0,   0,   0,   0,   0,   0,   0,   0,   0,   0,   0,   0,   0,  0,   0,   0,   0,   0,   0,   0,   0,
mixed-twitch-ping-2s-350B,                                                                         0,   0,   1,   0,   0,   0,   0,   0,   0,   0,   0,   1,   0,   0,  0,   0,   0,   0,   0,   0,   0,   0,   0,   0,   0,   0,   0,   0,  0,   0,   0,   0,   0,   0,   0,   0,   0,   0,   0,   0,   0,   0,  0,   0,   0,   0,   0,   0,   0,   0,   0,   0,   0,   6,   0,   0,  0,   0, 192,   0,   0,   0,   0,   0,   0,   0,   0,   0,   0,   0,  0,   0,   0,   0,   0,   0,   0,   0,   0,   0,   0,   0,   0,   0,  0,   0,   0,   0,   0,   0,   0,   0,
mixed-stutter-wget-ftp-large-gdocs,                                                                0,   0,   0,   0,   0,   0,   0,   0,   0,   0,   0,   0,   0,   0,  0,   0,   0,   0,   0,   0,   0,   0,   0,   0,   0,   0,   0,   0,  0,   0,   0,   0,   0,   0,   0,   0,   0,   0,   0,   0,   0,   0,  0,   0,   0,   0,   0,   0,   0,   0,   0,   0,   0,   0,   0,   0,  0,   0,   0, 197,   0,   0,   0,   0,   0,   0,   0,   0,   0,   2,  1,   0,   0,   0,   0,   0,   0,   0,   0,   0,   0,   0,   0,   0,  0,   0,   0,   0,   0,   0,   0,   0,
true-ftp-rand-data,                                                                                0,   0,   0,   0,   0,   0,   0,   0,   0,   0,   0,   0,   0,   0,  0,   0,   0,   0,   0,   0,   0,   0,   1,   0,   0,   0,   0,   0,  0,   0,   0,   0,   0,   0,   0,   0,   0,   0,   0,   0,   0,   0,  0,   0,   0,   0,   0,   0,   0,   0,   0,   0,   0,   0,   0,   0,  0,   0,   0,   0, 198,   0,   0,   0,   1,   0,   0,   0,   0,   0,  0,   0,   0,   0,   0,   0,   0,   0,   0,   0,   0,   0,   0,   0,  0,   0,   0,   0,   0,   0,   0,   0,
curl-https-rand-data,                                                                              0,   0,   0,   0,   0,   0,   0,   0,   0,   0,   0,   0,   0,   0,  0,   0,   0,   0,   0,   0,   0,   0,   0,   0,   0,   0,   0,   0,  0,   0,   0,   0,   0,   0,   0,   0,   0,   0,   0,  12,   0,   0,  0,   0,   0,   0,   0,   2,   0,   0,   0,   0,   0,   0,   0,   0,  1,   0,   0,   0,   0, 129,  56,   0,   0,   0,   0,   0,   0,   0,  0,   0,   0,   0,   0,   0,   0,   0,   0,   0,   0,   0,   0,   0,  0,   0,   0,   0,   0,   0,   0,   0,
wget-https-rand-data,                                                                              0,   0,   0,   0,   0,   0,   0,   0,   0,   0,   0,   0,   0,   0,  0,   0,   0,   0,   0,   0,   0,   0,   0,   0,   0,   0,   0,   0,  0,   0,   0,   0,   0,   0,   0,   0,   0,   0,   0,   9,   0,   0,  0,   0,   0,   0,   0,   4,   0,   0,   0,   0,   0,   0,   0,   0,  0,   0,   0,   0,   0,  61, 126,   0,   0,   0,   0,   0,   0,   0,  0,   0,   0,   0,   0,   0,   0,   0,   0,   0,   0,   0,   0,   0,  0,   0,   0,   0,   0,   0,   0,   0,
curl-http-rand-data,                                                                               0,   0,   0,   0,   0,   0,   0,   0,   0,   0,   0,   0,   0,   0,  0,   0,   0,   0,   0,   0,   0,   0,   0,   0,   0,   0,   0,   0,  0,   0,   0,   0,   0,   0,   0,   0,   0,   0,   0,   0,   0,   0,  0,   0,   0,   0,   0,   0,   0,   0,   0,   0,   0,   0,   0,   0,  0,   0,   0,   0,   0,   0,   0, 192,   6,   0,   0,   0,   1,   0,  0,   0,   0,   0,   0,   0,   0,   0,   0,   0,   0,   0,   0,   0,  0,   0,   0,   0,   0,   0,   0,   0,
wget-http-rand-data,                                                                               0,   0,   0,   0,   0,   0,   0,   0,   0,   0,   0,   0,   0,   0,  0,   0,   0,   0,   0,   0,   0,   0,   0,   0,   0,   0,   0,   0,  0,   0,   0,   0,   0,   0,   0,   0,   0,   0,   0,   0,   0,   0,  0,   0,   0,   0,   0,   0,   0,   0,   0,   0,   0,   0,   0,   0,  0,   0,   0,   0,   2,   0,   0,   7, 191,   0,   0,   0,   0,   0,  0,   0,   0,   0,   0,   0,   0,   0,   0,   0,   0,   0,   0,   0,  0,   0,   0,   0,   0,   0,   0,   0,
git-linux-from-github,                                                                             0,   0,   0,   0,   0,   0,   0,   0,   0,   0,   0,   0,   0,   0,  0,   0,   0,   0,   0,   0,   0,   0,   0,   0,   0,   0,   0,   0,  0,   0,   0,   0,   1,   1,   0,   0,   0,   0,   0,   0,   0,   0,  0,   0,   0,   0,   0,   0,   0,   0,   0,   0,   0,   0,   0,   0,  0,   0,   0,   0,   0,   0,   0,   0,   0, 196,   1,   1,   0,   0,  0,   0,   0,   0,   0,   0,   0,   0,   0,   0,   0,   0,   0,   0,  0,   0,   0,   0,   0,   0,   0,   0,
rsync-rand-data,                                                                                   0,   0,   0,   0,   0,   0,   0,   0,   0,   0,   0,   0,   0,   0,  0,   0,   0,   0,   0,   0,   0,   0,   0,   0,   0,   0,   0,   0,  0,   0,   0,   0,   0,   0,   0,   0,   0,   0,   0,   0,   0,   0,  0,   0,   0,   0,   0,   0,   0,   0,   0,   0,   0,   0,   0,   0,  0,   0,   0,   0,   0,   0,   0,   0,   0,   0, 199,   0,   1,   0,  0,   0,   0,   0,   0,   0,   0,   0,   0,   0,   0,   0,   0,   0,  0,   0,   0,   0,   0,   0,   0,   0,
scp-rand-data,                                                                                     0,   0,   0,   0,   0,   0,   0,   0,   0,   0,   0,   0,   0,   0,  0,   0,   0,   0,   0,   0,   0,   0,   0,   0,   0,   0,   0,   0,  0,   0,   0,   0,   0,   0,   0,   0,   0,   0,   0,   0,   0,   0,  0,   0,   0,   0,   0,   0,   0,   0,   0,   0,   0,   0,   0,   0,  0,   0,   0,   0,   0,   0,   0,   0,   0,   0,   0, 200,   0,   0,  0,   0,   0,   0,   0,   0,   0,   0,   0,   0,   0,   0,   0,   0,  0,   0,   0,   0,   0,   0,   0,   0,
wget-ftp-rand-data,                                                                                0,   0,   0,   0,   0,   0,   0,   0,   0,   0,   0,   0,   0,   0,  0,   0,   0,   0,   0,   0,   0,   0,   0,   0,   0,   0,   0,   0,  0,   0,   0,   0,   0,   0,   0,   0,   0,   0,   0,   0,   0,   0,  0,   0,   0,   0,   0,   0,   0,   0,   1,   0,   0,   0,   0,   0,  0,   0,   0,   0,   0,   0,   0,   0,   0,   0,   0,   0, 199,   0,  0,   0,   0,   0,   0,   0,   0,   0,   0,   0,   0,   0,   0,   0,  0,   0,   0,   0,   0,   0,   0,   0,
mixed-twitch-ping-5s-350B,                                                                         0,   0,   0,   0,   0,   0,   0,   0,   0,   0,   0,   0,   0,   0,  0,   0,   0,   0,   0,   0,   0,   0,   0,   0,   0,   0,   0,   0,  0,   0,   0,   0,   0,   0,   0,   0,   0,   0,   0,   0,   0,   0,  0,   0,   0,   0,   0,   0,   0,   0,   0,   0,   0,   0,   0,   0,  0,   0,   0,   5,   0,   0,   0,   0,   0,   0,   0,   0,   0, 190,  4,   0,   0,   0,   0,   0,   0,   0,   0,   0,   0,   1,   0,   0,  0,   0,   0,   0,   0,   0,   0,   0,
mixed-twitch-iperf-10K,                                                                            0,   0,   0,   0,   0,   0,   0,   0,   0,   0,   0,   0,   0,   0,  0,   0,   0,   0,   0,   0,   0,   0,   0,   0,   0,   0,   0,   0,  0,   0,   0,   0,   0,   0,   0,   0,   0,   0,   0,   0,   0,   0,  0,   0,   0,   0,   1,   0,   0,   0,   0,   0,   1,   0,   0,   0,  0,   0,   0,   6,   0,   0,   0,   0,   0,   0,   0,   0,   0,   4,  188,   0,   0,   0,   0,   0,   0,   0,   0,   0,   0,   0,   0,   0,  0,   0,   0,   0,   0,   0,   0, 0,
tcp-curl-ftp-rand-data,                                                                            0,   0,   0,   0,   0,   0,   0,   0,   0,   0,   0,   0,   0,   0,  0,   0,   0,   0,   0,   0,   0,   0,   0,   0,   0,   0,   0,   0,  0,   0,   0,   0,   0,   0,   0,   0,   0,   0,   0,   0,   0,   0,  0,   0,   0,   0,   0,   0,   0,   0,   0,   0,   0,   0,   0,   0,  0,   0,   0,   0,   0,   0,   0,   0,   0,   0,   0,   0,   0,   0,  0, 200,   0,   0,   0,   0,   0,   0,   0,   0,   0,   0,   0,   0,  0,   0,   0,   0,   0,   0,   0,   0,
tcp-curl-http-rand-data,                                                                           0,   0,   0,   0,   0,   0,   0,   0,   0,   0,   0,   0,   0,   0,  0,   0,   0,   0,   0,   0,   0,   0,   0,   0,   0,   0,   0,   0,  0,   0,   0,   0,   0,   0,   0,   0,   0,   0,   0,   0,   0,   0,  0,   0,   0,   0,   0,   0,   0,   0,   0,   0,   0,   0,   0,   0,  0,   0,   0,   0,   0,   0,   0,   0,   0,   0,   0,   0,   0,   0,  0,   0, 194,   6,   0,   0,   0,   0,   0,   0,   0,   0,   0,   0,  0,   0,   0,   0,   0,   0,   0,   0,
tcp-wget-http-rand-data,                                                                           0,   0,   0,   0,   0,   0,   0,   0,   0,   0,   0,   0,   0,   0,  0,   0,   0,   0,   0,   0,   0,   0,   0,   0,   0,   0,   0,   0,  0,   0,   0,   0,   0,   0,   0,   0,   0,   0,   0,   0,   0,   0,  0,   0,   0,   0,   0,   0,   0,   0,   0,   0,   0,   0,   0,   0,  0,   0,   0,   0,   0,   0,   0,   0,   0,   0,   0,   0,   0,   0,  0,   0,   9, 191,   0,   0,   0,   0,   0,   0,   0,   0,   0,   0,  0,   0,   0,   0,   0,   0,   0,   0,
curl-ftp-rand-data,                                                                                0,   0,   0,   0,   0,   0,   0,   0,   0,   0,   0,   0,   0,   0,  0,   0,   0,   0,   0,   0,   0,   0,   0,   0,   0,   0,   0,   0,  0,   0,   0,   0,   0,   0,   0,   0,   0,   0,   0,   0,   0,   0,  0,   0,   0,   0,   0,   0,   0,   0,   0,   0,   0,   0,   0,   0,  0,   0,   0,   0,   0,   0,   0,   0,   0,   0,   0,   0,   1,   0,  0,   0,   0,   1, 198,   0,   0,   0,   0,   0,   0,   0,   0,   0,  0,   0,   0,   0,   0,   0,   0,   0,
tcp-twitch-view-home-reversed,                                                                     0,   0,   0,   0,   0,   0,   0,   0,   0,   0,   0,   0,   0,   0,  0,   0,   0,   0,   0,   0,   0,   0,   0,   0,   0,   0,   0,   0,  0,   0,   0,   0,   0,   0,   0,   0,   0,   0,   0,   0,   0,   0,  0,   0,   0,   0,   0,   0,   0,   0,   0,   0,   0,   0,   0,   0,  0,   0,   0,   0,   0,   0,   0,   0,   0,   0,   0,   0,   0,   0,  0,   0,   0,   0,   0, 193,   6,   0,   0,   0,   0,   0,   0,   0,  0,   1,   0,   0,   0,   0,   0,   0,
tcp-twitch-basic-streamer-view-reversed,                                                           0,   0,   0,   0,   0,   0,   0,   0,   0,   0,   0,   0,   0,   0,  0,   0,   0,   0,   0,   0,   0,   0,   0,   0,   0,   0,   0,   0,  0,   0,   0,   0,   0,   0,   0,   0,   0,   0,   0,   0,   0,   0,  0,   0,   0,   0,   0,   0,   0,   0,   0,   0,   0,   0,   0,   0,  0,   0,   0,   0,   0,   0,   0,   0,   0,   0,   0,   0,   0,   0,  0,   0,   0,   0,   0,   5, 192,   0,   0,   0,   0,   0,   0,   0,  0,   2,   0,   0,   0,   1,   0,   0,
tcp-true-ftp-rand-data,                                                                            0,   0,   0,   0,   0,   0,   0,   0,   0,   0,   0,   0,   0,   0,  0,   0,   0,   0,   0,   0,   0,   0,   0,   0,   0,   0,   0,   0,  0,   0,   0,   0,   0,   0,   0,   0,   0,   0,   0,   0,   0,   0,  0,   0,   0,   0,   0,   0,   0,   0,   0,   0,   0,   0,   0,   0,  0,   0,   0,   0,   0,   0,   0,   0,   0,   0,   0,   0,   0,   0,  0,   0,   0,   0,   0,   0,   0, 200,   0,   0,   0,   0,   0,   0,  0,   0,   0,   0,   0,   0,   0,   0,
tcp-scp-rand-data,                                                                                 0,   0,   0,   0,   0,   0,   0,   0,   0,   0,   0,   0,   0,   0,  0,   0,   0,   0,   0,   0,   0,   0,   0,   0,   0,   0,   0,   0,  0,   0,   0,   0,   0,   0,   0,   0,   0,   0,   0,   0,   0,   0,  0,   0,   0,   0,   0,   0,   0,   0,   0,   0,   0,   0,   0,   0,  0,   0,   0,   0,   0,   0,   0,   0,   0,   0,   0,   0,   0,   0,  0,   0,   0,   0,   0,   0,   0,   0, 200,   0,   0,   0,   0,   0,  0,   0,   0,   0,   0,   0,   0,   0,
tcp-rsync-rand-data,                                                                               0,   0,   0,   0,   0,   0,   0,   0,   0,   0,   0,   0,   0,   0,  0,   0,   0,   0,   0,   0,   0,   0,   0,   0,   0,   0,   0,   0,  0,   0,   0,   0,   0,   0,   0,   0,   0,   0,   0,   0,   0,   0,  0,   0,   0,   0,   0,   0,   0,   0,   0,   0,   0,   0,   0,   0,  0,   0,   0,   0,   0,   0,   0,   0,   0,   0,   0,   0,   0,   0,  0,   0,   0,   0,   0,   0,   0,   0,   0, 200,   0,   0,   0,   0,  0,   0,   0,   0,   0,   0,   0,   0,
tcp-ping-5s-850B,                                                                                  0,   0,   0,   0,   0,   0,   0,   0,   0,   0,   0,   0,   0,   0,  0,   0,   0,   0,   0,   0,   0,   0,   0,   0,   0,   0,   0,   0,  0,   0,   0,   0,   0,   0,   0,   0,   0,   0,   0,   0,   0,   0,  0,   0,   0,   0,   0,   0,   0,   0,   0,   0,   0,   0,   0,   0,  0,   0,   0,   0,   0,   0,   0,   0,   0,   0,   0,   0,   0,   0,  0,   0,   0,   0,   0,   0,   0,   0,   0,   0, 188,   9,   1,   0,  0,   0,   0,   1,   1,   0,   0,   0,
tcp-ping-5s-35B,                                                                                   0,   0,   0,   0,   0,   0,   0,   0,   0,   0,   0,   0,   0,   0,  0,   0,   0,   0,   0,   0,   0,   0,   0,   0,   0,   0,   0,   0,  0,   0,   0,   0,   0,   0,   0,   0,   0,   0,   0,   0,   0,   0,  0,   0,   0,   0,   0,   0,   0,   0,   0,   0,   0,   0,   0,   0,  0,   0,   0,   0,   0,   0,   0,   0,   0,   0,   0,   0,   0,   0,  0,   0,   0,   0,   0,   0,   0,   0,   0,   0,  10, 188,   2,   0,  0,   0,   0,   0,   0,   0,   0,   0,
tcp-ping-2s-350B,                                                                                  0,   0,   0,   0,   0,   0,   0,   0,   0,   0,   0,   0,   0,   0,  0,   0,   0,   0,   0,   0,   0,   0,   0,   0,   0,   0,   0,   0,  0,   0,   0,   0,   0,   0,   0,   0,   0,   0,   0,   0,   0,   0,  0,   0,   0,   0,   0,   0,   0,   0,   0,   0,   0,   0,   0,   0,  0,   0,   0,   0,   0,   0,   0,   0,   0,   0,   0,   0,   0,   0,  0,   0,   0,   0,   0,   0,   0,   0,   0,   0,   0,   1, 198,   0,  0,   0,   0,   0,   0,   0,   0,   0,
tcp-gtranslate-french-lorem-reversed,                                                              0,   0,   0,   0,   0,   0,   0,   0,   0,   0,   0,   0,   0,   0,  0,   0,   0,   0,   0,   0,   0,   0,   0,   0,   0,   0,   0,   0,  0,   0,   0,   0,   0,   0,   0,   0,   0,   0,   0,   0,   0,   0,  0,   0,   0,   0,   0,   0,   0,   0,   0,   0,   0,   0,   0,   0,  0,   0,   0,   0,   0,   0,   0,   0,   0,   0,   0,   0,   0,   0,  0,   0,   0,   0,   0,   0,   0,   0,   0,   0,   0,   0,   0, 191,  8,   0,   1,   0,   0,   0,   0,   0,
tcp-gtranslate-basic-lorem-reversed,                                                               0,   0,   0,   0,   0,   0,   0,   0,   0,   0,   0,   0,   0,   0,  0,   0,   0,   0,   0,   0,   0,   0,   0,   0,   0,   0,   0,   0,  0,   0,   0,   0,   0,   0,   0,   0,   0,   0,   0,   0,   0,   0,  0,   0,   0,   0,   0,   0,   0,   0,   0,   0,   0,   0,   0,   0,  0,   0,   0,   0,   0,   0,   0,   0,   0,   0,   0,   0,   0,   0,  0,   0,   0,   0,   0,   0,   0,   0,   0,   0,   0,   0,   0,  10,  190,   0,   0,   0,   0,   0,   0, 0,
tcp-google-basic-search-reversed,                                                                  0,   0,   0,   0,   0,   0,   0,   0,   0,   0,   0,   0,   0,   0,  0,   0,   0,   0,   0,   0,   0,   0,   0,   0,   0,   0,   0,   0,  0,   0,   0,   0,   0,   0,   0,   0,   0,   0,   0,   0,   0,   0,  0,   0,   0,   0,   0,   0,   0,   0,   0,   0,   0,   0,   0,   0,  0,   0,   0,   0,   0,   0,   0,   0,   0,   0,   0,   0,   0,   0,  0,   0,   0,   0,   0,   0,   0,   0,   0,   0,   0,   0,   0,   2,  2, 196,   0,   0,   0,   0,   0,   0,
tcp-git-linux-from-github,                                                                         0,   0,   0,   0,   0,   0,   0,   0,   0,   0,   0,   0,   0,   0,  0,   0,   0,   0,   0,   0,   0,   0,   0,   0,   0,   0,   0,   0,  0,   0,   0,   0,   0,   0,   0,   0,   0,   0,   0,   0,   0,   0,  0,   0,   0,   0,   0,   0,   0,   0,   0,   0,   0,   0,   0,   0,  0,   0,   0,   0,   0,   0,   0,   0,   0,   0,   0,   0,   0,   0,  0,   0,   0,   0,   0,   0,   0,   0,   0,   0,   0,   0,   0,   0,  0,   1, 199,   0,   0,   0,   0,   0,
tcp-curl-https-rand-data,                                                                          0,   0,   0,   0,   0,   0,   0,   0,   0,   0,   0,   0,   0,   0,  0,   0,   0,   0,   0,   0,   0,   0,   0,   0,   0,   0,   0,   0,  0,   0,   0,   0,   0,   0,   0,   0,   0,   0,   0,   0,   0,   0,  0,   0,   0,   0,   0,   0,   0,   0,   0,   0,   0,   0,   0,   0,  0,   0,   0,   0,   0,   0,   0,   0,   0,   0,   0,   0,   0,   0,  0,   0,   0,   0,   0,   0,   0,   0,   0,   0,   1,   2,   0,   0,  0,   0,   0, 197,   0,   0,   0,   0,
tcp-wget-https-rand-data,                                                                          0,   0,   0,   0,   0,   0,   0,   0,   0,   0,   0,   0,   0,   0,  0,   0,   0,   0,   0,   0,   0,   0,   0,   0,   0,   0,   0,   0,  0,   0,   0,   0,   0,   0,   0,   0,   0,   0,   0,   0,   0,   0,  0,   0,   0,   0,   0,   0,   0,   0,   0,   0,   0,   0,   0,   0,  0,   0,   0,   0,   0,   0,   0,   0,   0,   0,   0,   0,   0,   0,  0,   0,   0,   0,   0,   0,   0,   0,   0,   0,   0,   2,   0,   0,  0,   0,   0,   0, 198,   0,   0,   0,
tcp-astley-youtube-raw-reversed,                                                                   0,   0,   0,   0,   0,   0,   0,   0,   0,   0,   0,   0,   0,   0,  0,   0,   0,   0,   0,   0,   0,   0,   0,   0,   0,   0,   0,   0,  0,   0,   0,   0,   0,   0,   0,   0,   0,   0,   0,   0,   0,   0,  0,   0,   0,   0,   0,   0,   0,   0,   0,   0,   0,   0,   0,   0,  0,   0,   0,   0,   0,   0,   0,   0,   0,   0,   0,   0,   0,   0,  0,   0,   0,   0,   0,   0,   0,   0,   0,   0,   0,   0,   0,   0,  0,   0,   0,   0,   0, 200,   0,   0,
tcp-wget-ftp-rand-data,                                                                            0,   0,   0,   0,   0,   0,   0,   0,   0,   0,   0,   0,   0,   0,  0,   0,   0,   0,   0,   0,   0,   0,   0,   0,   0,   0,   0,   0,  0,   0,   0,   0,   0,   0,   0,   0,   0,   0,   0,   0,   0,   0,  0,   0,   0,   0,   0,   0,   0,   0,   0,   0,   0,   0,   0,   0,  0,   0,   0,   0,   0,   0,   0,   0,   0,   0,   0,   0,   0,   0,  0,   1,   0,   0,   0,   0,   0,   0,   0,   0,   0,   0,   0,   0,  0,   0,   0,   0,   0,   0, 199,   0,
tcp-astley-youtube-adblock-reversed,                                                              51,   0,   0,  33,  15,  27,  16,   8,   0,   0,   0,   0,   0,   0,  0,   0,   0,   0,   0,   0,   0,   0,   0,   0,   0,   0,   0,   0,  0,   0,   0,   0,   0,   0,   0,   0,   0,   0,   0,   0,   0,   0,  0,   0,   0,   0,   0,   0,   0,   0,   0,   0,   0,   0,   0,   0,  0,   0,   0,   0,   0,   0,   0,   0,   0,   0,   0,   0,   0,   0,  0,   0,   0,   0,   0,   0,   0,   0,   0,   0,   0,   0,   0,   0,  0,   0,   0,   0,   0,   0,   0,  50,
