baseline,                                                                                        49,   0,   0,  20,  15,  15,  19,   2,   0,   0,   0,   5,   5,   0,  0,   0,   0,   0,   0,   0,   0,   0,   0,   0,   0,   0,   0,   0,  0,   0,   0,   0,   0,   0,   0,   0,   0,   0,   0,   0,   0,   0,  0,   0,   0,   0,   0,   0,   0,   0,   0,   0,   0,   0,   0,   0,  0,   0,   0,   0,   0,   0,   0,   0,   0,   0,   0,   0,   0,   0,  0,   0,   0,   0,   0,   0,   0,   0,   0,   0,   0,   0,   0,   0,  0,   0,   0,   0,   0,   0,   0,  73,
gdocs-listen-to-writing-diff,                                                                     0, 183,   0,   0,   0,   0,   0,   0,   0,   0,   0,   0,   0,   0,  0,   0,   0,   0,   0,   0,   0,   0,   0,   6,   0,  10,   1,   0,  0,   0,   0,   0,   0,   0,   0,   0,   0,   0,   0,   0,   0,   0,  0,   0,   0,   0,   0,   0,   0,   0,   0,   0,   0,   0,   0,   0,  0,   0,   0,   0,   0,   0,   0,   0,   0,   0,   0,   0,   0,   0,  0,   0,   0,   0,   0,   0,   0,   0,   0,   0,   0,   0,   0,   0,  0,   0,   0,   0,   0,   0,   0,   0,
wget-google,                                                                                      0,   0,  99,   1,   0,   0,   0,   0,   0, 100,   0,   0,   0,   0,  0,   0,   0,   0,   0,   0,   0,   0,   0,   0,   0,   0,   0,   0,  0,   0,   0,   0,   0,   0,   0,   0,   0,   0,   0,   0,   0,   0,  0,   0,   0,   0,   0,   0,   0,   0,   0,   0,   0,   0,   0,   0,  0,   0,   0,   0,   0,   0,   0,   0,   0,   0,   0,   0,   0,   0,  0,   0,   0,   0,   0,   0,   0,   0,   0,   0,   0,   0,   0,   0,  0,   0,   0,   0,   0,   0,   0,   0,
wget-multiple,                                                                                   13,   0,   0,  99,  14,  23,  18,   5,   0,   0,   0,   6,  10,   0,  0,   0,   0,   0,   0,   0,   0,   0,   0,   0,   0,   0,   0,   0,  0,   0,   0,   0,   0,   0,   0,   0,   0,   0,   0,   0,   0,   0,  0,   0,   0,   0,   0,   0,   0,   0,   0,   0,   0,   0,   0,   0,  0,   0,   0,   0,   0,   0,   0,   0,   0,   0,   0,   0,   0,   0,  0,   0,   0,   0,   0,   0,   0,   0,   0,   0,   0,   0,   0,   0,  0,   0,   0,   0,   0,   0,   0,  12,
regular-wget,                                                                                    11,   0,   0,  20, 110,  11,  14,   2,   0,   0,   0,   9,  13,   0,  0,   0,   0,   0,   0,   0,   0,   0,   0,   0,   0,   0,   0,   0,  0,   0,   0,   0,   0,   0,   0,   0,   0,   0,   0,   0,   0,   0,  0,   0,   0,   0,   0,   0,   0,   0,   0,   0,   0,   0,   0,   0,  0,   0,   0,   0,   0,   0,   0,   0,   0,   0,   0,   0,   0,   0,  0,   0,   0,   0,   0,   0,   0,   0,   0,   0,   0,   0,   0,   0,  0,   0,   0,   0,   0,   0,   0,  10,
scp-linux,                                                                                        6,   0,   0,  16,  23, 104,  17,   4,   0,   0,   0,   7,   9,   0,  0,   0,   0,   0,   0,   0,   0,   0,   0,   0,   0,   0,   0,   0,  0,   0,   0,   0,   0,   0,   0,   0,   0,   0,   0,   0,   0,   0,  0,   0,   0,   0,   0,   0,   0,   0,   0,   0,   0,   0,   0,   0,  0,   0,   0,   0,   0,   0,   0,   0,   0,   0,   0,   0,   0,   0,  0,   0,   0,   0,   0,   0,   0,   0,   0,   0,   0,   0,   0,   0,  0,   0,   0,   0,   0,   0,   0,  14,
wget-wikipedia,                                                                                   9,   0,   0,  16,  15,  20, 103,   1,   0,   0,   0,   8,  10,   0,  0,   1,   0,   0,   0,   0,   0,   0,   0,   0,   0,   0,   0,   0,  0,   0,   0,   0,   0,   0,   0,   0,   0,   0,   0,   0,   0,   0,  0,   0,   0,   0,   0,   0,   0,   0,   0,   0,   0,   0,   0,   0,  0,   0,   0,   0,   0,   0,   0,   0,   0,   0,   0,   0,   0,   0,  0,   0,   0,   0,   0,   0,   0,   0,   0,   0,   0,   0,   0,   0,  0,   0,   0,   0,   0,   0,   0,  17,
facebook-default-route,                                                                           1,   0,   0,   4,   7,   3,   7, 151,   0,   0,   0,   5,  12,   4,  0,   4,   0,   0,   0,   0,   0,   0,   0,   0,   0,   0,   0,   0,  0,   0,   0,   0,   0,   0,   0,   0,   0,   0,   0,   0,   0,   0,  0,   0,   0,   0,   0,   0,   0,   0,   0,   0,   0,   0,   0,   0,  0,   0,   0,   0,   0,   0,   0,   0,   0,   0,   0,   0,   0,   0,  0,   0,   0,   0,   0,   0,   0,   0,   0,   0,   0,   0,   0,   0,  0,   0,   0,   0,   0,   0,   0,   2,
iperf-1M,                                                                                        0,   0,   0,   0,   0,   0,   0,   0, 200,   0,   0,   0,   0,   0,  0,   0,   0,   0,   0,   0,   0,   0,   0,   0,   0,   0,   0,   0,  0,   0,   0,   0,   0,   0,   0,   0,   0,   0,   0,   0,   0,   0,  0,   0,   0,   0,   0,   0,   0,   0,   0,   0,   0,   0,   0,   0,  0,   0,   0,   0,   0,   0,   0,   0,   0,   0,   0,   0,   0,   0,  0,   0,   0,   0,   0,   0,   0,   0,   0,   0,   0,   0,   0,   0,  0,   0,   0,   0,   0,   0,   0,   0,
iperf-100K,                                                                                       0,   0,  99,   0,   0,   0,   0,   0,   0, 101,   0,   0,   0,   0,  0,   0,   0,   0,   0,   0,   0,   0,   0,   0,   0,   0,   0,   0,  0,   0,   0,   0,   0,   0,   0,   0,   0,   0,   0,   0,   0,   0,  0,   0,   0,   0,   0,   0,   0,   0,   0,   0,   0,   0,   0,   0,  0,   0,   0,   0,   0,   0,   0,   0,   0,   0,   0,   0,   0,   0,  0,   0,   0,   0,   0,   0,   0,   0,   0,   0,   0,   0,   0,   0,  0,   0,   0,   0,   0,   0,   0,   0,
iperf-10K,                                                                                        0,   0,   0,   0,   0,   0,   0,   0,   0,   0, 200,   0,   0,   0,  0,   0,   0,   0,   0,   0,   0,   0,   0,   0,   0,   0,   0,   0,  0,   0,   0,   0,   0,   0,   0,   0,   0,   0,   0,   0,   0,   0,  0,   0,   0,   0,   0,   0,   0,   0,   0,   0,   0,   0,   0,   0,  0,   0,   0,   0,   0,   0,   0,   0,   0,   0,   0,   0,   0,   0,  0,   0,   0,   0,   0,   0,   0,   0,   0,   0,   0,   0,   0,   0,  0,   0,   0,   0,   0,   0,   0,   0,
ping-2s-15B,                                                                                      0,   0,   0,   3,   3,   3,   8,   9,   0,   0,   0, 152,  17,   0,  0,   3,   0,   0,   0,   0,   0,   0,   0,   0,   0,   0,   0,   0,  0,   0,   0,   0,   0,   0,   0,   0,   0,   0,   0,   0,   0,   0,  0,   0,   0,   0,   0,   0,   0,   0,   0,   0,   0,   0,   0,   0,  0,   0,   0,   0,   0,   0,   0,   0,   0,   0,   0,   0,   0,   0,  0,   0,   0,   0,   0,   0,   0,   0,   0,   0,   0,   0,   0,   0,  0,   0,   0,   0,   0,   0,   0,   2,
ping-5s-35B,                                                                                      3,   0,   0,  13,  10,   8,   6,   2,   0,   0,   0,  18, 136,   0,  0,   0,   0,   0,   0,   0,   0,   0,   0,   0,   0,   0,   0,   0,  0,   0,   0,   0,   0,   0,   0,   0,   0,   0,   0,   0,   0,   0,  0,   0,   0,   0,   0,   0,   0,   0,   0,   0,   0,   0,   0,   0,  0,   0,   0,   0,   0,   0,   0,   0,   0,   0,   0,   0,   0,   0,  0,   0,   0,   0,   0,   0,   0,   0,   0,   0,   0,   0,   0,   0,  0,   0,   0,   0,   0,   0,   0,   4,
ping-2s-350B,                                                                                     1,   0,   0,   0,   0,   0,   0,   2,   0,   0,   0,   0,   0, 190,  0,   0,   7,   0,   0,   0,   0,   0,   0,   0,   0,   0,   0,   0,  0,   0,   0,   0,   0,   0,   0,   0,   0,   0,   0,   0,   0,   0,  0,   0,   0,   0,   0,   0,   0,   0,   0,   0,   0,   0,   0,   0,  0,   0,   0,   0,   0,   0,   0,   0,   0,   0,   0,   0,   0,   0,  0,   0,   0,   0,   0,   0,   0,   0,   0,   0,   0,   0,   0,   0,  0,   0,   0,   0,   0,   0,   0,   0,
ping-2s-850B,                                                                                     0,   0,   0,   0,   0,   0,   0,   0,   0,   0,   0,   0,   0,   0,  200,   0,   0,   0,   0,   0,   0,   0,   0,   0,   0,   0,   0,   0,  0,   0,   0,   0,   0,   0,   0,   0,   0,   0,   0,   0,   0,   0,  0,   0,   0,   0,   0,   0,   0,   0,   0,   0,   0,   0,   0,   0,  0,   0,   0,   0,   0,   0,   0,   0,   0,   0,   0,   0,   0,   0,  0,   0,   0,   0,   0,   0,   0,   0,   0,   0,   0,   0,   0,   0,  0,   0,   0,   0,   0,   0,   0, 0,
ping-5s-350B,                                                                                     0,   0,   0,   0,   0,   0,   0,   2,   0,   0,   0,   3,   0,   0,  0, 195,   0,   0,   0,   0,   0,   0,   0,   0,   0,   0,   0,   0,  0,   0,   0,   0,   0,   0,   0,   0,   0,   0,   0,   0,   0,   0,  0,   0,   0,   0,   0,   0,   0,   0,   0,   0,   0,   0,   0,   0,  0,   0,   0,   0,   0,   0,   0,   0,   0,   0,   0,   0,   0,   0,  0,   0,   0,   0,   0,   0,   0,   0,   0,   0,   0,   0,   0,   0,  0,   0,   0,   0,   0,   0,   0,   0,
ping-5s-850B,                                                                                     0,   0,   0,   0,   0,   0,   0,   0,   0,   0,   0,   0,   0,   1,  0,   0, 199,   0,   0,   0,   0,   0,   0,   0,   0,   0,   0,   0,  0,   0,   0,   0,   0,   0,   0,   0,   0,   0,   0,   0,   0,   0,  0,   0,   0,   0,   0,   0,   0,   0,   0,   0,   0,   0,   0,   0,  0,   0,   0,   0,   0,   0,   0,   0,   0,   0,   0,   0,   0,   0,  0,   0,   0,   0,   0,   0,   0,   0,   0,   0,   0,   0,   0,   0,  0,   0,   0,   0,   0,   0,   0,   0,
f-iperf-30M-h-iperf-30M,                                                                          0,   0,   0,   0,   0,   0,   0,   0,   0,   0,   0,   0,   0,   0,  0,   0,   0, 200,   0,   0,   0,   0,   0,   0,   0,   0,   0,   0,  0,   0,   0,   0,   0,   0,   0,   0,   0,   0,   0,   0,   0,   0,  0,   0,   0,   0,   0,   0,   0,   0,   0,   0,   0,   0,   0,   0,  0,   0,   0,   0,   0,   0,   0,   0,   0,   0,   0,   0,   0,   0,  0,   0,   0,   0,   0,   0,   0,   0,   0,   0,   0,   0,   0,   0,  0,   0,   0,   0,   0,   0,   0,   0,
f-iperf-40M-h-iperf-40M,                                                                          0,   0,   0,   0,   0,   0,   0,   0,   0,   0,   0,   0,   0,   0,  0,   0,   0,   0, 200,   0,   0,   0,   0,   0,   0,   0,   0,   0,  0,   0,   0,   0,   0,   0,   0,   0,   0,   0,   0,   0,   0,   0,  0,   0,   0,   0,   0,   0,   0,   0,   0,   0,   0,   0,   0,   0,  0,   0,   0,   0,   0,   0,   0,   0,   0,   0,   0,   0,   0,   0,  0,   0,   0,   0,   0,   0,   0,   0,   0,   0,   0,   0,   0,   0,  0,   0,   0,   0,   0,   0,   0,   0,
f-ping-400B-3s-h-iperf-100M,                                                                      0,   0,   0,   0,   0,   0,   0,   0,   0,   0,   0,   0,   0,   0,  0,   0,   0,   0,   0, 199,   1,   0,   0,   0,   0,   0,   0,   0,  0,   0,   0,   0,   0,   0,   0,   0,   0,   0,   0,   0,   0,   0,  0,   0,   0,   0,   0,   0,   0,   0,   0,   0,   0,   0,   0,   0,  0,   0,   0,   0,   0,   0,   0,   0,   0,   0,   0,   0,   0,   0,  0,   0,   0,   0,   0,   0,   0,   0,   0,   0,   0,   0,   0,   0,  0,   0,   0,   0,   0,   0,   0,   0,
f-ping-400B-3s-h-iperf-80M,                                                                       0,   0,   0,   0,   0,   0,   0,   0,   0,   0,   0,   0,   0,   0,  0,   0,   0,   0,   0,   0, 200,   0,   0,   0,   0,   0,   0,   0,  0,   0,   0,   0,   0,   0,   0,   0,   0,   0,   0,   0,   0,   0,  0,   0,   0,   0,   0,   0,   0,   0,   0,   0,   0,   0,   0,   0,  0,   0,   0,   0,   0,   0,   0,   0,   0,   0,   0,   0,   0,   0,  0,   0,   0,   0,   0,   0,   0,   0,   0,   0,   0,   0,   0,   0,  0,   0,   0,   0,   0,   0,   0,   0,
amazon-add-to-cart,                                                                               0,   0,   0,   0,   0,   0,   0,   0,   0,   0,   0,   0,   0,   0,  0,   0,   0,   0,   0,   0,   0, 191,   8,   0,   0,   0,   0,   0,  0,   0,   0,   0,   0,   1,   0,   0,   0,   0,   0,   0,   0,   0,  0,   0,   0,   0,   0,   0,   0,   0,   0,   0,   0,   0,   0,   0,  0,   0,   0,   0,   0,   0,   0,   0,   0,   0,   0,   0,   0,   0,  0,   0,   0,   0,   0,   0,   0,   0,   0,   0,   0,   0,   0,   0,  0,   0,   0,   0,   0,   0,   0,   0,
amazon-browse-front,                                                                              0,   0,   0,   0,   0,   0,   0,   0,   0,   0,   0,   0,   0,   0,  0,   0,   0,   0,   0,   0,   0,   3, 195,   0,   0,   0,   0,   0,  0,   0,   0,   0,   1,   1,   0,   0,   0,   0,   0,   0,   0,   0,  0,   0,   0,   0,   0,   0,   0,   0,   0,   0,   0,   0,   0,   0,  0,   0,   0,   0,   0,   0,   0,   0,   0,   0,   0,   0,   0,   0,  0,   0,   0,   0,   0,   0,   0,   0,   0,   0,   0,   0,   0,   0,  0,   0,   0,   0,   0,   0,   0,   0,
gdocs-basic-writing,                                                                              0,   3,   0,   0,   0,   0,   0,   0,   0,   0,   0,   0,   0,   0,  0,   0,   0,   0,   0,   0,   0,   0,   0, 191,   1,   5,   0,   0,  0,   0,   0,   0,   0,   0,   0,   0,   0,   0,   0,   0,   0,   0,  0,   0,   0,   0,   0,   0,   0,   0,   0,   0,   0,   0,   0,   0,  0,   0,   0,   0,   0,   0,   0,   0,   0,   0,   0,   0,   0,   0,  0,   0,   0,   0,   0,   0,   0,   0,   0,   0,   0,   0,   0,   0,  0,   0,   0,   0,   0,   0,   0,   0,
gdocs-listen-to-writing-same,                                                                     0,   1,   0,   0,   0,   0,   0,   0,   0,   0,   0,   0,   0,   0,  0,   0,   0,   0,   0,   0,   0,   0,   0,   4, 193,   1,   1,   0,  0,   0,   0,   0,   0,   0,   0,   0,   0,   0,   0,   0,   0,   0,  0,   0,   0,   0,   0,   0,   0,   0,   0,   0,   0,   0,   0,   0,  0,   0,   0,   0,   0,   0,   0,   0,   0,   0,   0,   0,   0,   0,  0,   0,   0,   0,   0,   0,   0,   0,   0,   0,   0,   0,   0,   0,  0,   0,   0,   0,   0,   0,   0,   0,
gdocs-listen-\&-writing-diff,                                                                     0,   3,   0,   0,   0,   0,   0,   0,   0,   0,   0,   0,   0,   0,  0,   0,   0,   0,   0,   0,   0,   0,   0,   1,   3, 193,   0,   0,  0,   0,   0,   0,   0,   0,   0,   0,   0,   0,   0,   0,   0,   0,  0,   0,   0,   0,   0,   0,   0,   0,   0,   0,   0,   0,   0,   0,  0,   0,   0,   0,   0,   0,   0,   0,   0,   0,   0,   0,   0,   0,  0,   0,   0,   0,   0,   0,   0,   0,   0,   0,   0,   0,   0,   0,  0,   0,   0,   0,   0,   0,   0,   0,
gmail-basic-recieving,                                                                            0,   1,   0,   0,   0,   0,   0,   0,   0,   0,   0,   0,   0,   0,  0,   0,   0,   0,   0,   0,   0,   0,   0,   3,   1,   0, 195,   0,  0,   0,   0,   0,   0,   0,   0,   0,   0,   0,   0,   0,   0,   0,  0,   0,   0,   0,   0,   0,   0,   0,   0,   0,   0,   0,   0,   0,  0,   0,   0,   0,   0,   0,   0,   0,   0,   0,   0,   0,   0,   0,  0,   0,   0,   0,   0,   0,   0,   0,   0,   0,   0,   0,   0,   0,  0,   0,   0,   0,   0,   0,   0,   0,
gmail-basic-sending,                                                                              0,   0,   0,   0,   0,   0,   0,   0,   0,   0,   0,   0,   0,   0,  0,   0,   0,   0,   0,   0,   0,   0,   0,   0,   0,   0,   0, 200,  0,   0,   0,   0,   0,   0,   0,   0,   0,   0,   0,   0,   0,   0,  0,   0,   0,   0,   0,   0,   0,   0,   0,   0,   0,   0,   0,   0,  0,   0,   0,   0,   0,   0,   0,   0,   0,   0,   0,   0,   0,   0,  0,   0,   0,   0,   0,   0,   0,   0,   0,   0,   0,   0,   0,   0,  0,   0,   0,   0,   0,   0,   0,   0,
astley-youtube-adblock,                                                                           0,   0,   0,   0,   0,   0,   0,   0,   0,   0,   0,   0,   0,   0,  0,   0,   0,   0,   0,   0,   0,   0,   0,   0,   0,   0,   0,   0,  200,   0,   0,   0,   0,   0,   0,   0,   0,   0,   0,   0,   0,   0,  0,   0,   0,   0,   0,   0,   0,   0,   0,   0,   0,   0,   0,   0,  0,   0,   0,   0,   0,   0,   0,   0,   0,   0,   0,   0,   0,   0,  0,   0,   0,   0,   0,   0,   0,   0,   0,   0,   0,   0,   0,   0,  0,   0,   0,   0,   0,   0,   0, 0,
astley-youtube-raw,                                                                               0,   0,   0,   0,   0,   0,   0,   0,   0,   0,   0,   0,   0,   0,  0,   0,   0,   0,   0,   0,   0,   0,   0,   0,   0,   0,   0,   0,  0, 200,   0,   0,   0,   0,   0,   0,   0,   0,   0,   0,   0,   0,  0,   0,   0,   0,   0,   0,   0,   0,   0,   0,   0,   0,   0,   0,  0,   0,   0,   0,   0,   0,   0,   0,   0,   0,   0,   0,   0,   0,  0,   0,   0,   0,   0,   0,   0,   0,   0,   0,   0,   0,   0,   0,  0,   0,   0,   0,   0,   0,   0,   0,
google-basic-search,                                                                              0,   0,   0,   0,   0,   0,   0,   0,   0,   0,   0,   0,   0,   0,  0,   0,   0,   0,   0,   0,   0,   0,   0,   0,   0,   0,   0,   0,  0,   0, 200,   0,   0,   0,   0,   0,   0,   0,   0,   0,   0,   0,  0,   0,   0,   0,   0,   0,   0,   0,   0,   0,   0,   0,   0,   0,  0,   0,   0,   0,   0,   0,   0,   0,   0,   0,   0,   0,   0,   0,  0,   0,   0,   0,   0,   0,   0,   0,   0,   0,   0,   0,   0,   0,  0,   0,   0,   0,   0,   0,   0,   0,
gtranslate-basic-lorem,                                                                           0,   1,   0,   0,   0,   0,   0,   0,   0,   0,   0,   0,   0,   0,  0,   0,   0,   0,   0,   0,   0,   0,   0,   0,   0,   0,   0,   0,  0,   0,   0, 190,   9,   0,   0,   0,   0,   0,   0,   0,   0,   0,  0,   0,   0,   0,   0,   0,   0,   0,   0,   0,   0,   0,   0,   0,  0,   0,   0,   0,   0,   0,   0,   0,   0,   0,   0,   0,   0,   0,  0,   0,   0,   0,   0,   0,   0,   0,   0,   0,   0,   0,   0,   0,  0,   0,   0,   0,   0,   0,   0,   0,
gtranslate-french-lorem,                                                                          0,   0,   0,   0,   0,   0,   0,   0,   0,   0,   0,   0,   0,   0,  0,   0,   0,   0,   0,   0,   0,   0,   0,   0,   0,   0,   0,   0,  0,   0,   0,   6, 194,   0,   0,   0,   0,   0,   0,   0,   0,   0,  0,   0,   0,   0,   0,   0,   0,   0,   0,   0,   0,   0,   0,   0,  0,   0,   0,   0,   0,   0,   0,   0,   0,   0,   0,   0,   0,   0,  0,   0,   0,   0,   0,   0,   0,   0,   0,   0,   0,   0,   0,   0,  0,   0,   0,   0,   0,   0,   0,   0,
twitch-basic-streamer-view,                                                                       0,   0,   0,   0,   0,   0,   0,   0,   0,   0,   0,   0,   0,   0,  0,   0,   0,   0,   0,   0,   0,   0,   1,   0,   0,   0,   0,   0,  0,   0,   0,   0,   0, 198,   0,   0,   0,   1,   0,   0,   0,   0,  0,   0,   0,   0,   0,   0,   0,   0,   0,   0,   0,   0,   0,   0,  0,   0,   0,   0,   0,   0,   0,   0,   0,   0,   0,   0,   0,   0,  0,   0,   0,   0,   0,   0,   0,   0,   0,   0,   0,   0,   0,   0,  0,   0,   0,   0,   0,   0,   0,   0,
twitch-view-home,                                                                                 0,   0,   0,   0,   0,   0,   0,   0,   0,   0,   0,   0,   0,   0,  0,   0,   0,   0,   0,   0,   0,   0,   0,   0,   0,   0,   0,   0,  0,   0,   0,   0,   0,   0, 200,   0,   0,   0,   0,   0,   0,   0,  0,   0,   0,   0,   0,   0,   0,   0,   0,   0,   0,   0,   0,   0,  0,   0,   0,   0,   0,   0,   0,   0,   0,   0,   0,   0,   0,   0,  0,   0,   0,   0,   0,   0,   0,   0,   0,   0,   0,   0,   0,   0,  0,   0,   0,   0,   0,   0,   0,   0,
wget-multiple-reversed,                                                                           0,   0,   0,   0,   0,   0,   0,   0,   0,   0,   0,   0,   0,   0,  0,   0,   0,   0,   0,   0,   0,   0,   0,   0,   0,   0,   0,   0,  0,   0,   0,   0,   0,   0,   0, 191,   0,   0,   0,   0,   0,   0,  0,   0,   0,   0,   0,   8,   0,   0,   0,   0,   0,   0,   0,   0,  0,   0,   0,   0,   0,   0,   0,   0,   0,   0,   0,   0,   0,   0,  0,   0,   0,   0,   0,   0,   0,   0,   0,   0,   0,   0,   0,   0,  0,   0,   0,   0,   0,   0,   0,   0,
amazon-add-to-cart-reverse,                                                                       0,   0,   0,   0,   0,   0,   0,   0,   0,   0,   0,   0,   0,   0,  0,   0,   0,   0,   0,   0,   0,   0,   0,   0,   0,   0,   0,   0,  0,   0,   0,   0,   0,   0,   0,   0, 192,   6,   0,   0,   0,   0,  0,   0,   0,   2,   0,   0,   0,   0,   0,   0,   0,   0,   0,   0,  0,   0,   0,   0,   0,   0,   0,   0,   0,   0,   0,   0,   0,   0,  0,   0,   0,   0,   0,   0,   0,   0,   0,   0,   0,   0,   0,   0,  0,   0,   0,   0,   0,   0,   0,   0,
amazon-browse-front-reversed,                                                                     0,   0,   0,   0,   0,   0,   0,   0,   0,   0,   0,   0,   0,   0,  0,   0,   0,   0,   0,   0,   0,   0,   0,   0,   0,   0,   0,   0,  0,   0,   0,   0,   0,   0,   0,   0,   6, 191,   0,   0,   0,   0,  0,   0,   0,   1,   1,   0,   1,   0,   0,   0,   0,   0,   0,   0,  0,   0,   0,   0,   0,   0,   0,   0,   0,   0,   0,   0,   0,   0,  0,   0,   0,   0,   0,   0,   0,   0,   0,   0,   0,   0,   0,   0,  0,   0,   0,   0,   0,   0,   0,   0,
astley-youtube-adblock-reversed,                                                                  0,   0,   0,   0,   0,   0,   0,   0,   0,   0,   0,   0,   0,   0,  0,   0,   0,   0,   0,   0,   0,   0,   0,   0,   0,   0,   0,   0,  0,   0,   0,   0,   0,   0,   0,   0,   0,   0, 200,   0,   0,   0,  0,   0,   0,   0,   0,   0,   0,   0,   0,   0,   0,   0,   0,   0,  0,   0,   0,   0,   0,   0,   0,   0,   0,   0,   0,   0,   0,   0,  0,   0,   0,   0,   0,   0,   0,   0,   0,   0,   0,   0,   0,   0,  0,   0,   0,   0,   0,   0,   0,   0,
facebook-default-route-reversed,                                                                  0,   0,   0,   0,   0,   0,   0,   0,   0,   0,   0,   0,   0,   0,  0,   0,   0,   0,   0,   0,   0,   0,   0,   0,   0,   0,   0,   0,  0,   0,   0,   0,   0,   0,   0,   0,   0,   0,   0, 176,   0,   0,  0,   0,   0,   0,   0,   0,   0,   0,   0,   0,   0,   0,   0,   0,  3,   0,   0,   0,   0,  10,  11,   0,   0,   0,   0,   0,   0,   0,  0,   0,   0,   0,   0,   0,   0,   0,   0,   0,   0,   0,   0,   0,  0,   0,   0,   0,   0,   0,   0,   0,
gdocs-basic-writing-reversed,                                                                     0,   0,   0,   0,   0,   0,   0,   0,   0,   0,   0,   0,   0,   0,  0,   0,   0,   0,   0,   0,   0,   1,   0,   0,   0,   0,   0,   0,  0,   0,   0,   0,   0,   0,   0,   0,   0,   0,   0,   0, 189,   8,  1,   0,   1,   0,   0,   0,   0,   0,   0,   0,   0,   0,   0,   0,  0,   0,   0,   0,   0,   0,   0,   0,   0,   0,   0,   0,   0,   0,  0,   0,   0,   0,   0,   0,   0,   0,   0,   0,   0,   0,   0,   0,  0,   0,   0,   0,   0,   0,   0,   0,
gdocs-listen-to-writing-diff-reversed,                                                            0,   0,   0,   0,   0,   0,   0,   0,   0,   0,   0,   0,   0,   0,  0,   0,   0,   0,   0,   0,   0,   0,   0,   0,   0,   0,   0,   0,  0,   0,   0,   0,   0,   0,   0,   0,   0,   0,   0,   0,   7, 192,  0,   0,   1,   0,   0,   0,   0,   0,   0,   0,   0,   0,   0,   0,  0,   0,   0,   0,   0,   0,   0,   0,   0,   0,   0,   0,   0,   0,  0,   0,   0,   0,   0,   0,   0,   0,   0,   0,   0,   0,   0,   0,  0,   0,   0,   0,   0,   0,   0,   0,
gmail-basic-recieving-reversed,                                                                   0,   0,   0,   0,   0,   0,   0,   0,   0,   0,   0,   0,   0,   0,  0,   0,   0,   0,   0,   0,   0,   0,   0,   0,   0,   0,   0,   0,  0,   0,   0,   0,   0,   0,   0,   0,   0,   0,   0,   0,   0,   0,  197,   2,   1,   0,   0,   0,   0,   0,   0,   0,   0,   0,   0,   0,  0,   0,   0,   0,   0,   0,   0,   0,   0,   0,   0,   0,   0,   0,  0,   0,   0,   0,   0,   0,   0,   0,   0,   0,   0,   0,   0,   0,  0,   0,   0,   0,   0,   0,   0, 0,
gmail-basic-sending-reversed,                                                                     0,   0,   0,   0,   0,   0,   0,   0,   0,   0,   0,   0,   0,   0,  0,   0,   0,   0,   0,   0,   0,   0,   0,   0,   0,   0,   0,   0,  0,   0,   0,   0,   0,   0,   0,   0,   0,   0,   0,   0,   0,   0,  0, 200,   0,   0,   0,   0,   0,   0,   0,   0,   0,   0,   0,   0,  0,   0,   0,   0,   0,   0,   0,   0,   0,   0,   0,   0,   0,   0,  0,   0,   0,   0,   0,   0,   0,   0,   0,   0,   0,   0,   0,   0,  0,   0,   0,   0,   0,   0,   0,   0,
google-basic-search-reversed,                                                                     0,   0,   0,   0,   0,   0,   0,   0,   0,   0,   0,   0,   0,   0,  0,   0,   0,   0,   0,   0,   0,   0,   0,   0,   0,   0,   0,   0,  0,   0,   0,   0,   0,   0,   0,   0,   0,   0,   0,   0,   0,   0,  0,   0, 200,   0,   0,   0,   0,   0,   0,   0,   0,   0,   0,   0,  0,   0,   0,   0,   0,   0,   0,   0,   0,   0,   0,   0,   0,   0,  0,   0,   0,   0,   0,   0,   0,   0,   0,   0,   0,   0,   0,   0,  0,   0,   0,   0,   0,   0,   0,   0,
gtranslate-basic-lorem-reversed,                                                                  0,   0,   0,   0,   0,   0,   0,   0,   0,   0,   0,   0,   0,   0,  0,   0,   0,   0,   0,   0,   0,   0,   1,   0,   0,   0,   0,   0,  0,   0,   0,   0,   0,   0,   0,   0,   0,   1,   0,   0,   0,   0,  0,   0,   0, 191,   7,   0,   0,   0,   0,   0,   0,   0,   0,   0,  0,   0,   0,   0,   0,   0,   0,   0,   0,   0,   0,   0,   0,   0,  0,   0,   0,   0,   0,   0,   0,   0,   0,   0,   0,   0,   0,   0,  0,   0,   0,   0,   0,   0,   0,   0,
gtranslate-french-lorem-reversed,                                                                 0,   0,   0,   0,   0,   0,   0,   0,   0,   0,   0,   0,   0,   0,  0,   0,   0,   0,   0,   0,   0,   0,   0,   0,   0,   0,   0,   0,  0,   0,   0,   0,   0,   0,   0,   0,   0,   0,   0,   0,   0,   0,  0,   0,   0,  12, 188,   0,   0,   0,   0,   0,   0,   0,   0,   0,  0,   0,   0,   0,   0,   0,   0,   0,   0,   0,   0,   0,   0,   0,  0,   0,   0,   0,   0,   0,   0,   0,   0,   0,   0,   0,   0,   0,  0,   0,   0,   0,   0,   0,   0,   0,
wget-wikipedia-reversed,                                                                          0,   0,   0,   0,   0,   0,   0,   0,   0,   0,   0,   0,   0,   0,  0,   0,   0,   0,   0,   0,   0,   0,   0,   0,   0,   0,   0,   0,  0,   0,   0,   0,   0,   0,   0,   0,   0,   0,   0,   0,   0,   0,  0,   0,   0,   0,   0, 198,   0,   0,   0,   0,   0,   0,   0,   0,  2,   0,   0,   0,   0,   0,   0,   0,   0,   0,   0,   0,   0,   0,  0,   0,   0,   0,   0,   0,   0,   0,   0,   0,   0,   0,   0,   0,  0,   0,   0,   0,   0,   0,   0,   0,
twitch-basic-streamer-view-reversed,                                                              0,   0,   0,   0,   0,   0,   0,   0,   0,   0,   0,   0,   0,   0,  0,   0,   0,   0,   0,   0,   0,   0,   0,   0,   0,   0,   0,   0,  0,   0,   0,   0,   0,   0,   0,   0,   0,   0,   0,   0,   0,   0,  0,   0,   0,   0,   0,   0, 200,   0,   0,   0,   0,   0,   0,   0,  0,   0,   0,   0,   0,   0,   0,   0,   0,   0,   0,   0,   0,   0,  0,   0,   0,   0,   0,   0,   0,   0,   0,   0,   0,   0,   0,   0,  0,   0,   0,   0,   0,   0,   0,   0,
mixed-gdoc-basic-writing-youtube-ads,                                                             0,   0,   0,   0,   0,   0,   0,   0,   0,   0,   0,   0,   0,   0,  0,   0,   0,   0,   0,   0,   0,   0,   0,   0,   0,   0,   0,   0,  0,   0,   0,   0,   0,   0,   0,   0,   0,   0,   0,   0,   0,   0,  0,   0,   0,   0,   0,   0,   0, 199,   0,   1,   0,   0,   0,   0,  0,   0,   0,   0,   0,   0,   0,   0,   0,   0,   0,   0,   0,   0,  0,   0,   0,   0,   0,   0,   0,   0,   0,   0,   0,   0,   0,   0,  0,   0,   0,   0,   0,   0,   0,   0,
mixed-scp-rsync,                                                                                  0,   0,   0,   0,   0,   0,   0,   0,   0,   0,   0,   0,   0,   0,  0,   0,   0,   0,   0,   0,   0,   0,   0,   0,   0,   0,   0,   0,  0,   0,   0,   0,   0,   0,   0,   0,   0,   0,   0,   0,   0,   0,  0,   0,   0,   0,   0,   0,   0,   0, 196,   0,   0,   0,   0,   0,  0,   0,   0,   0,   0,   0,   0,   0,   0,   1,   0,   0,   2,   0,  0,   0,   0,   0,   1,   0,   0,   0,   0,   0,   0,   0,   0,   0,  0,   0,   0,   0,   0,   0,   0,   0,
mixed-twitch-curl-https,                                                                          0,   0,   0,   0,   0,   0,   0,   0,   0,   0,   0,   0,   0,   0,  0,   0,   0,   0,   0,   0,   0,   0,   0,   0,   0,   0,   0,   0,  0,   0,   0,   0,   0,   0,   0,   0,   0,   0,   1,   0,   0,   0,  0,   0,   0,   0,   0,   0,   0,   0,   0, 196,   0,   0,   3,   0,  0,   0,   0,   0,   0,   0,   0,   0,   0,   0,   0,   0,   0,   0,  0,   0,   0,   0,   0,   0,   0,   0,   0,   0,   0,   0,   0,   0,  0,   0,   0,   0,   0,   0,   0,   0,
mixed-twitch-iperf-100K,                                                                          0,   0,   0,   0,   0,   0,   0,   0,   0,   0,   0,   0,   0,   0,  0,   0,   0,   0,   0,   0,   0,   0,   0,   0,   0,   0,   0,   0,  0,   0,   0,   0,   0,   0,   0,   0,   0,   0,   0,   0,   0,   0,  0,   0,   0,   0,   0,   0,   0,   0,   0,   0, 190,   0,   0,   0,  0,   0,   0,   8,   0,   0,   0,   0,   0,   0,   0,   1,   0,   1,  0,   0,   0,   0,   0,   0,   0,   0,   0,   0,   0,   0,   0,   0,  0,   0,   0,   0,   0,   0,   0,   0,
mixed-stutter-wget-ftp-large-scp,                                                                 0,   0,   0,   0,   0,   0,   0,   0,   0,   0,   0,   0,   0,   0,  0,   0,   0,   0,   0,   0,   0,   0,   0,   0,   0,   0,   0,   0,  0,   0,   0,   0,   0,   0,   0,   0,   0,   0,   0,   0,   0,   0,  0,   0,   0,   0,   0,   0,   0,   0,   0,   1,   0, 185,   0,   0,  0,   0,  14,   0,   0,   0,   0,   0,   0,   0,   0,   0,   0,   0,  0,   0,   0,   0,   0,   0,   0,   0,   0,   0,   0,   0,   0,   0,  0,   0,   0,   0,   0,   0,   0,   0,
mixed-twitch-wget-ftp-large,                                                                      0,   0,   0,   0,   0,   0,   0,   0,   0,   0,   0,   0,   0,   0,  0,   0,   0,   0,   0,   0,   0,   0,   0,   0,   0,   0,   0,   0,  0,   0,   0,   0,   0,   0,   0,   0,   0,   0,   0,   0,   0,   0,  0,   0,   0,   0,   0,   0,   0,   0,   0,   0,   1,   0, 196,   0,  0,   0,   0,   2,   0,   0,   0,   0,   0,   0,   0,   0,   0,   0,  0,   0,   0,   0,   1,   0,   0,   0,   0,   0,   0,   0,   0,   0,  0,   0,   0,   0,   0,   0,   0,   0,
mixed-wget-ftp-large-wget-short,                                                                  0,   0,   0,   0,   0,   0,   0,   0,   0,   0,   0,   0,   0,   0,  0,   0,   0,   0,   0,   0,   0,   0,   0,   0,   0,   0,   0,   0,  0,   0,   0,   0,   0,   0,   0,   0,   0,   0,   0,   0,   0,   0,  0,   0,   0,   0,   0,   0,   0,   0,   0,   0,   0,   0,   0, 200,  0,   0,   0,   0,   0,   0,   0,   0,   0,   0,   0,   0,   0,   0,  0,   0,   0,   0,   0,   0,   0,   0,   0,   0,   0,   0,   0,   0,  0,   0,   0,   0,   0,   0,   0,   0,
mixed-wget-https-large-wget-short,                                                                0,   0,   0,   0,   0,   0,   0,   0,   0,   0,   0,   0,   0,   0,  0,   0,   0,   0,   0,   0,   0,   0,   0,   0,   0,   0,   0,   0,  0,   0,   0,   0,   0,   0,   0,   0,   0,   0,   0,   0,   0,   0,  0,   0,   0,   0,   0,   4,   0,   0,   0,   0,   0,   0,   0,   0,  196,   0,   0,   0,   0,   0,   0,   0,   0,   0,   0,   0,   0,   0,  0,   0,   0,   0,   0,   0,   0,   0,   0,   0,   0,   0,   0,   0,  0,   0,   0,   0,   0,   0,   0, 0,
mixed-stutter-wget-ftp-large-youtube,                                                             0,   0,   0,   0,   0,   0,   0,   0,   0,   0,   0,   0,   0,   0,  0,   0,   0,   0,   0,   0,   0,   0,   0,   0,   0,   0,   0,   0,  0,   0,   0,   0,   0,   0,   0,   0,   0,   0,   0,   0,   0,   0,  0,   0,   0,   0,   0,   0,   0,   0,   2,   0,   0,   0,   0,   0,  0, 194,   0,   0,   0,   0,   0,   0,   0,   1,   2,   0,   1,   0,  0,   0,   0,   0,   0,   0,   0,   0,   0,   0,   0,   0,   0,   0,  0,   0,   0,   0,   0,   0,   0,   0,
mixed-twitch-ping-2s-350B,                                                                        0,   0,   0,   0,   0,   0,   0,   0,   0,   0,   0,   0,   0,   0,  0,   0,   0,   0,   0,   0,   0,   0,   0,   0,   0,   0,   0,   0,  0,   0,   0,   0,   0,   0,   0,   0,   0,   0,   0,   0,   0,   0,  0,   0,   0,   0,   0,   0,   0,   0,   0,   0,   0,   6,   0,   0,  0,   0, 194,   0,   0,   0,   0,   0,   0,   0,   0,   0,   0,   0,  0,   0,   0,   0,   0,   0,   0,   0,   0,   0,   0,   0,   0,   0,  0,   0,   0,   0,   0,   0,   0,   0,
mixed-stutter-wget-ftp-large-gdocs,                                                               0,   0,   0,   0,   0,   0,   0,   0,   0,   0,   0,   0,   0,   0,  0,   0,   0,   0,   0,   0,   0,   0,   0,   0,   0,   0,   0,   0,  0,   0,   0,   0,   0,   0,   0,   0,   0,   0,   0,   0,   0,   0,  0,   0,   0,   0,   0,   0,   0,   1,   0,   0,   5,   0,   0,   0,  0,   0,   1, 188,   0,   0,   0,   0,   0,   0,   0,   0,   0,   3,  2,   0,   0,   0,   0,   0,   0,   0,   0,   0,   0,   0,   0,   0,  0,   0,   0,   0,   0,   0,   0,   0,
true-ftp-rand-data,                                                                               0,   0,   0,   0,   0,   0,   0,   0,   0,   0,   0,   0,   0,   0,  0,   0,   0,   0,   0,   0,   0,   0,   0,   0,   0,   0,   0,   0,  0,   0,   0,   0,   0,   0,   0,   0,   0,   0,   0,   0,   0,   0,  0,   0,   0,   0,   0,   0,   0,   0,   0,   0,   0,   0,   0,   0,  0,   0,   0,   0, 200,   0,   0,   0,   0,   0,   0,   0,   0,   0,  0,   0,   0,   0,   0,   0,   0,   0,   0,   0,   0,   0,   0,   0,  0,   0,   0,   0,   0,   0,   0,   0,
curl-https-rand-data,                                                                             0,   0,   0,   0,   0,   0,   0,   0,   0,   0,   0,   0,   0,   0,  0,   0,   0,   0,   0,   0,   0,   0,   0,   0,   0,   0,   0,   0,  0,   0,   0,   0,   0,   0,   0,   0,   0,   0,   0,   8,   0,   0,  0,   0,   0,   0,   0,   0,   0,   0,   0,   0,   0,   0,   0,   0,  0,   0,   0,   0,   0, 184,   8,   0,   0,   0,   0,   0,   0,   0,  0,   0,   0,   0,   0,   0,   0,   0,   0,   0,   0,   0,   0,   0,  0,   0,   0,   0,   0,   0,   0,   0,
wget-https-rand-data,                                                                             0,   0,   0,   0,   0,   0,   0,   0,   0,   0,   0,   0,   0,   0,  0,   0,   0,   0,   0,   0,   0,   0,   0,   0,   0,   0,   0,   0,  0,   0,   0,   0,   0,   0,   0,   0,   0,   0,   0,   8,   0,   0,  0,   0,   0,   0,   0,   0,   0,   0,   0,   0,   0,   0,   0,   0,  0,   0,   0,   0,   0,  22, 170,   0,   0,   0,   0,   0,   0,   0,  0,   0,   0,   0,   0,   0,   0,   0,   0,   0,   0,   0,   0,   0,  0,   0,   0,   0,   0,   0,   0,   0,
curl-http-rand-data,                                                                              0,   0,   0,   0,   0,   0,   0,   0,   0,   0,   0,   0,   0,   0,  0,   0,   0,   0,   0,   0,   0,   0,   0,   0,   0,   0,   0,   0,  0,   0,   0,   0,   0,   0,   0,   0,   0,   0,   0,   0,   0,   0,  0,   0,   0,   0,   0,   0,   0,   0,   0,   0,   0,   0,   0,   0,  0,   1,   0,   0,   0,   0,   0, 189,   3,   1,   1,   4,   0,   0,  0,   0,   0,   0,   0,   0,   0,   0,   0,   0,   0,   0,   0,   0,  0,   0,   0,   0,   0,   0,   0,   0,
wget-http-rand-data,                                                                              0,   0,   0,   0,   0,   0,   0,   0,   0,   0,   0,   0,   0,   0,  0,   0,   0,   0,   0,   0,   0,   0,   0,   0,   0,   0,   0,   0,  1,   0,   0,   0,   0,   0,   0,   0,   0,   0,   0,   0,   0,   0,  0,   0,   0,   0,   0,   0,   0,   0,   0,   0,   1,   0,   0,   0,  0,   0,   0,   0,   0,   0,   0,  10, 186,   0,   1,   0,   1,   0,  0,   0,   0,   0,   0,   0,   0,   0,   0,   0,   0,   0,   0,   0,  0,   0,   0,   0,   0,   0,   0,   0,
git-linux-from-github,                                                                            0,   0,   0,   0,   0,   0,   0,   0,   1,   0,   0,   0,   0,   0,  0,   0,   0,   0,   0,   0,   0,   0,   0,   0,   0,   0,   0,   0,  0,   0,   0,   0,   0,   0,   0,   0,   0,   0,   0,   0,   0,   0,  0,   0,   0,   0,   0,   0,   0,   0,   0,   0,   0,   1,   0,   0,  0,   3,   0,   0,   0,   0,   0,   2,   0, 190,   1,   0,   2,   0,  0,   0,   0,   0,   0,   0,   0,   0,   0,   0,   0,   0,   0,   0,  0,   0,   0,   0,   0,   0,   0,   0,
rsync-rand-data,                                                                                  0,   0,   0,   0,   0,   0,   0,   0,   0,   0,   0,   0,   0,   0,  0,   0,   0,   0,   0,   0,   0,   0,   0,   0,   0,   0,   0,   0,  0,   0,   0,   0,   0,   0,   0,   0,   0,   0,   0,   0,   0,   0,  0,   0,   0,   0,   0,   0,   0,   0,   0,   0,   0,   0,   0,   0,  0,   0,   0,   0,   0,   0,   0,   3,   1,   0, 192,   2,   2,   0,  0,   0,   0,   0,   0,   0,   0,   0,   0,   0,   0,   0,   0,   0,  0,   0,   0,   0,   0,   0,   0,   0,
scp-rand-data,                                                                                    0,   0,   0,   0,   0,   0,   0,   0,   0,   0,   0,   0,   0,   0,  0,   0,   0,   0,   0,   0,   0,   0,   0,   0,   0,   0,   0,   0,  0,   0,   0,   0,   0,   0,   0,   0,   0,   0,   0,   0,   0,   0,  0,   0,   0,   0,   0,   0,   0,   0,   1,   1,   0,   0,   0,   0,  0,   1,   0,   0,   0,   0,   0,   1,   3,   0,   0, 193,   0,   0,  0,   0,   0,   0,   0,   0,   0,   0,   0,   0,   0,   0,   0,   0,  0,   0,   0,   0,   0,   0,   0,   0,
wget-ftp-rand-data,                                                                               0,   0,   0,   0,   0,   0,   0,   0,   0,   0,   0,   0,   0,   0,  0,   0,   0,   0,   0,   0,   0,   0,   0,   0,   0,   0,   0,   0,  0,   0,   0,   0,   0,   0,   0,   0,   0,   0,   0,   0,   0,   0,  0,   0,   0,   0,   0,   0,   0,   0,   1,   0,   0,   0,   0,   0,  0,   1,   0,   0,   0,   0,   0,   0,   0,   0,   0,   1, 195,   0,  0,   0,   0,   0,   2,   0,   0,   0,   0,   0,   0,   0,   0,   0,  0,   0,   0,   0,   0,   0,   0,   0,
mixed-twitch-ping-5s-350B,                                                                        0,   0,   0,   0,   0,   0,   0,   0,   0,   0,   0,   0,   0,   0,  0,   0,   0,   0,   0,   0,   0,   0,   0,   0,   0,   0,   0,   0,  0,   0,   0,   0,   0,   0,   0,   0,   0,   0,   0,   0,   0,   0,  0,   0,   0,   0,   0,   0,   0,   0,   0,   0,   4,   0,   0,   0,  0,   0,   0,   2,   1,   0,   0,   0,   0,   0,   0,   0,   0, 186,  6,   0,   0,   0,   1,   0,   0,   0,   0,   0,   0,   0,   0,   0,  0,   0,   0,   0,   0,   0,   0,   0,
mixed-twitch-iperf-10K,                                                                           0,   0,   0,   0,   0,   0,   0,   0,   0,   0,   0,   0,   0,   0,  0,   0,   0,   0,   0,   0,   0,   0,   0,   0,   0,   0,   0,   0,  0,   0,   0,   0,   0,   0,   0,   0,   0,   0,   0,   0,   0,   0,  0,   0,   0,   0,   0,   0,   0,   0,   0,   0,   3,   0,   0,   0,  0,   0,   0,   1,   0,   0,   0,   0,   0,   0,   0,   0,   0,   7,  189,   0,   0,   0,   0,   0,   0,   0,   0,   0,   0,   0,   0,   0,  0,   0,   0,   0,   0,   0,   0, 0,
tcp-curl-ftp-rand-data,                                                                           0,   0,   0,   0,   0,   0,   0,   0,   0,   0,   0,   0,   0,   0,  0,   0,   0,   0,   0,   0,   0,   0,   0,   0,   0,   0,   0,   0,  0,   0,   0,   0,   0,   0,   0,   0,   0,   0,   0,   0,   0,   0,  0,   0,   0,   0,   0,   0,   0,   0,   0,   0,   0,   0,   0,   0,  0,   0,   0,   0,   0,   0,   0,   0,   0,   0,   0,   0,   0,   0,  0, 197,   0,   0,   0,   0,   0,   0,   0,   0,   0,   0,   0,   0,  0,   0,   0,   0,   0,   0,   3,   0,
tcp-curl-http-rand-data,                                                                          0,   0,   0,   0,   0,   0,   0,   0,   0,   0,   0,   0,   0,   0,  0,   0,   0,   0,   0,   0,   0,   0,   0,   0,   0,   0,   0,   0,  0,   0,   0,   0,   0,   0,   0,   0,   0,   0,   0,   0,   0,   0,  0,   0,   0,   0,   0,   0,   0,   0,   0,   0,   0,   0,   0,   0,  0,   0,   0,   0,   0,   0,   0,   0,   0,   0,   0,   0,   0,   0,  0,   1, 190,   8,   0,   0,   0,   0,   0,   0,   0,   0,   0,   0,  0,   0,   1,   0,   0,   0,   0,   0,
tcp-wget-http-rand-data,                                                                          0,   0,   0,   0,   0,   0,   0,   0,   0,   0,   0,   0,   0,   0,  0,   0,   0,   0,   0,   0,   0,   0,   0,   0,   0,   0,   0,   0,  0,   0,   0,   0,   0,   0,   0,   0,   0,   0,   0,   0,   0,   0,  0,   0,   0,   0,   0,   0,   0,   0,   0,   0,   0,   0,   0,   0,  0,   0,   0,   0,   0,   0,   0,   0,   0,   0,   0,   0,   0,   0,  0,   0,   9, 190,   0,   0,   0,   0,   0,   1,   0,   0,   0,   0,  0,   0,   0,   0,   0,   0,   0,   0,
curl-ftp-rand-data,                                                                               0,   0,   0,   0,   0,   0,   0,   0,   0,   0,   0,   0,   0,   0,  0,   0,   0,   0,   0,   0,   0,   0,   0,   0,   0,   0,   0,   0,  0,   0,   0,   0,   0,   0,   0,   0,   0,   0,   0,   0,   0,   0,  0,   0,   0,   0,   0,   0,   0,   0,   2,   0,   0,   0,   0,   0,  0,   2,   0,   0,   0,   0,   0,   0,   0,   0,   2,   0,   2,   0,  0,   0,   0,   0, 192,   0,   0,   0,   0,   0,   0,   0,   0,   0,  0,   0,   0,   0,   0,   0,   0,   0,
tcp-twitch-view-home-reversed,                                                                    0,   0,   0,   0,   0,   0,   0,   0,   0,   0,   0,   0,   0,   0,  0,   0,   0,   0,   0,   0,   0,   0,   0,   0,   0,   0,   0,   0,  0,   0,   0,   0,   0,   0,   0,   0,   0,   0,   0,   0,   0,   0,  0,   0,   0,   0,   0,   0,   0,   0,   0,   0,   0,   0,   0,   0,  0,   0,   0,   0,   0,   0,   0,   0,   0,   0,   0,   0,   0,   0,  0,   0,   0,   0,   0, 198,   0,   0,   0,   0,   0,   0,   0,   1,  0,   1,   0,   0,   0,   0,   0,   0,
tcp-twitch-basic-streamer-view-reversed,                                                          0,   0,   0,   0,   0,   0,   0,   0,   0,   0,   0,   0,   0,   0,  0,   0,   0,   0,   0,   0,   0,   0,   0,   0,   0,   0,   0,   0,  0,   0,   0,   0,   0,   0,   0,   0,   0,   0,   0,   0,   0,   0,  0,   0,   0,   0,   0,   0,   0,   0,   0,   0,   0,   0,   0,   0,  0,   0,   0,   0,   0,   0,   0,   0,   0,   0,   0,   0,   0,   0,  0,   0,   0,   0,   0,   0, 199,   0,   0,   0,   0,   0,   0,   0,  0,   1,   0,   0,   0,   0,   0,   0,
tcp-true-ftp-rand-data,                                                                           0,   0,   0,   0,   0,   0,   0,   0,   0,   0,   0,   0,   0,   0,  0,   0,   0,   0,   0,   0,   0,   0,   0,   0,   0,   0,   0,   0,  0,   0,   0,   0,   0,   0,   0,   0,   0,   0,   0,   0,   0,   0,  0,   0,   0,   0,   0,   0,   0,   0,   0,   0,   0,   0,   0,   0,  0,   0,   0,   0,   0,   0,   0,   0,   0,   0,   0,   0,   0,   0,  0,   2,   1,   0,   0,   0,   0, 197,   0,   0,   0,   0,   0,   0,  0,   0,   0,   0,   0,   0,   0,   0,
tcp-scp-rand-data,                                                                                0,   0,   0,   0,   0,   0,   0,   0,   0,   0,   0,   0,   0,   0,  0,   0,   0,   0,   0,   0,   0,   0,   0,   0,   0,   0,   0,   0,  0,   0,   0,   0,   0,   0,   0,   0,   0,   0,   0,   0,   0,   0,  0,   0,   0,   0,   0,   0,   0,   0,   0,   0,   0,   0,   0,   0,  0,   0,   0,   0,   0,   0,   0,   0,   0,   0,   0,   0,   0,   0,  0,   0,   0,   0,   0,   0,   0,   0, 200,   0,   0,   0,   0,   0,  0,   0,   0,   0,   0,   0,   0,   0,
tcp-rsync-rand-data,                                                                              0,   0,   0,   0,   0,   0,   0,   0,   0,   0,   0,   0,   0,   0,  0,   0,   0,   0,   0,   0,   0,   0,   0,   0,   0,   0,   0,   0,  0,   0,   0,   0,   0,   0,   0,   0,   0,   0,   0,   0,   0,   0,  0,   0,   0,   0,   0,   0,   0,   0,   0,   0,   0,   0,   0,   0,  0,   0,   0,   0,   0,   0,   0,   0,   0,   0,   0,   0,   0,   0,  0,   0,   1,   0,   0,   0,   0,   0,   0, 198,   0,   0,   0,   0,  0,   0,   0,   1,   0,   0,   0,   0,
tcp-ping-5s-850B,                                                                                 0,   0,   0,   0,   0,   0,   0,   0,   0,   0,   0,   0,   0,   0,  0,   0,   0,   0,   0,   0,   0,   0,   0,   0,   0,   0,   0,   0,  0,   0,   0,   0,   0,   0,   0,   0,   0,   0,   0,   0,   0,   0,  0,   0,   0,   0,   0,   0,   0,   0,   0,   0,   0,   0,   0,   0,  0,   0,   0,   0,   0,   0,   0,   0,   0,   0,   0,   0,   0,   0,  0,   0,   0,   0,   0,   0,   0,   0,   0,   0, 188,   5,   7,   0,  0,   0,   0,   0,   0,   0,   0,   0,
tcp-ping-5s-35B,                                                                                  0,   0,   0,   0,   0,   0,   0,   0,   0,   0,   0,   0,   0,   0,  0,   0,   0,   0,   0,   0,   0,   0,   0,   0,   0,   0,   0,   0,  0,   0,   0,   0,   0,   0,   0,   0,   0,   0,   0,   0,   0,   0,  0,   0,   0,   0,   0,   0,   0,   0,   0,   0,   0,   0,   0,   0,  0,   0,   0,   0,   0,   0,   0,   0,   0,   0,   0,   0,   0,   0,  0,   0,   0,   0,   0,   0,   0,   0,   0,   0,   5, 187,   8,   0,  0,   0,   0,   0,   0,   0,   0,   0,
tcp-ping-2s-350B,                                                                                 0,   0,   0,   0,   0,   0,   0,   0,   0,   0,   0,   0,   0,   0,  0,   0,   0,   0,   0,   0,   0,   0,   0,   0,   0,   0,   0,   0,  0,   0,   0,   0,   0,   0,   0,   0,   0,   0,   0,   0,   0,   0,  0,   0,   0,   0,   0,   0,   0,   0,   0,   0,   0,   0,   0,   0,  0,   0,   0,   0,   0,   0,   0,   0,   0,   0,   0,   0,   0,   0,  0,   0,   0,   0,   0,   0,   0,   0,   0,   0,   3,   7, 189,   0,  0,   0,   0,   0,   0,   0,   0,   0,
tcp-gtranslate-french-lorem-reversed,                                                             0,   0,   0,   0,   0,   0,   0,   0,   0,   0,   0,   0,   0,   0,  0,   0,   0,   0,   0,   0,   0,   0,   0,   0,   0,   0,   0,   0,  0,   0,   0,   0,   0,   0,   0,   0,   0,   0,   0,   0,   0,   0,  0,   0,   0,   0,   0,   0,   0,   0,   0,   0,   0,   0,   0,   0,  0,   0,   0,   0,   0,   0,   0,   0,   0,   0,   0,   0,   0,   0,  0,   0,   0,   0,   0,   2,   1,   0,   0,   0,   0,   0,   0, 190,  7,   0,   0,   0,   0,   0,   0,   0,
tcp-gtranslate-basic-lorem-reversed,                                                              0,   0,   0,   0,   0,   0,   0,   0,   0,   0,   0,   0,   0,   0,  0,   0,   0,   0,   0,   0,   0,   0,   0,   0,   0,   0,   0,   0,  0,   0,   0,   0,   0,   0,   0,   0,   0,   0,   0,   0,   0,   0,  0,   0,   0,   0,   0,   0,   0,   0,   0,   0,   0,   0,   0,   0,  0,   0,   0,   0,   0,   0,   0,   0,   0,   0,   0,   0,   0,   0,  0,   0,   0,   0,   0,   3,   0,   0,   0,   0,   0,   0,   0,   4,  193,   0,   0,   0,   0,   0,   0, 0,
tcp-google-basic-search-reversed,                                                                 0,   0,   0,   0,   0,   0,   0,   0,   0,   0,   0,   0,   0,   0,  0,   0,   0,   0,   0,   0,   0,   0,   0,   0,   0,   0,   0,   0,  0,   0,   0,   0,   0,   0,   0,   0,   0,   0,   0,   0,   0,   0,  0,   0,   0,   0,   0,   0,   0,   0,   0,   0,   0,   0,   0,   0,  0,   0,   0,   0,   0,   0,   0,   0,   0,   0,   0,   0,   0,   0,  0,   0,   0,   0,   0,   0,   0,   0,   0,   0,   0,   0,   0,   0,  0, 200,   0,   0,   0,   0,   0,   0,
tcp-git-linux-from-github,                                                                        0,   0,   0,   0,   0,   0,   0,   0,   0,   0,   0,   0,   0,   0,  0,   0,   0,   0,   0,   0,   0,   0,   0,   0,   0,   0,   0,   0,  0,   0,   0,   0,   0,   0,   0,   0,   0,   0,   0,   0,   0,   0,  0,   0,   0,   0,   0,   0,   0,   0,   0,   0,   0,   0,   0,   0,  0,   0,   0,   0,   0,   0,   0,   0,   0,   0,   0,   0,   0,   0,  0,   0,   0,   0,   0,   0,   0,   0,   0,   0,   0,   0,   0,   0,  0,   0, 200,   0,   0,   0,   0,   0,
tcp-curl-https-rand-data,                                                                         0,   0,   0,   0,   0,   0,   0,   0,   0,   0,   0,   0,   0,   0,  0,   0,   0,   0,   0,   0,   0,   0,   0,   0,   0,   0,   0,   0,  0,   0,   0,   0,   0,   0,   0,   0,   0,   0,   0,   0,   0,   0,  0,   0,   0,   0,   0,   0,   0,   0,   0,   0,   0,   0,   0,   0,  0,   0,   0,   0,   0,   0,   0,   0,   0,   0,   0,   0,   0,   0,  0,   0,   0,   0,   0,   0,   0,   0,   0,   0,   1,   1,   0,   0,  0,   0,   0, 196,   2,   0,   0,   0,
tcp-wget-https-rand-data,                                                                         0,   0,   0,   0,   0,   0,   0,   0,   0,   0,   0,   0,   0,   0,  0,   0,   0,   0,   0,   0,   0,   0,   0,   0,   0,   0,   0,   0,  0,   0,   0,   0,   0,   0,   0,   0,   0,   0,   0,   0,   0,   0,  0,   0,   0,   0,   0,   0,   0,   0,   0,   0,   0,   0,   0,   0,  0,   0,   0,   0,   0,   0,   0,   0,   0,   0,   0,   0,   0,   0,  0,   0,   0,   0,   0,   0,   0,   0,   0,   0,   0,   1,   1,   0,  0,   0,   0,   3, 195,   0,   0,   0,
tcp-astley-youtube-raw-reversed,                                                                  0,   0,   0,   0,   0,   0,   0,   0,   0,   0,   0,   0,   0,   0,  0,   0,   0,   0,   0,   0,   0,   0,   0,   0,   0,   0,   0,   0,  0,   0,   0,   0,   0,   0,   0,   0,   0,   0,   0,   0,   0,   0,  0,   0,   0,   0,   0,   0,   0,   0,   0,   0,   0,   0,   0,   0,  0,   0,   0,   0,   0,   0,   0,   0,   0,   0,   0,   0,   0,   0,  0,   0,   0,   0,   0,   0,   0,   0,   0,   0,   0,   0,   0,   0,  0,   0,   0,   0,   0, 200,   0,   0,
tcp-wget-ftp-rand-data,                                                                           0,   0,   0,   0,   0,   0,   0,   0,   0,   0,   0,   0,   0,   0,  0,   0,   0,   0,   0,   0,   0,   0,   0,   0,   0,   0,   0,   0,  0,   0,   0,   0,   0,   0,   0,   0,   0,   0,   0,   0,   0,   0,  0,   0,   0,   0,   0,   0,   0,   0,   0,   0,   0,   0,   0,   0,  0,   0,   0,   0,   0,   0,   0,   0,   0,   0,   0,   0,   0,   0,  0,   7,   0,   0,   0,   0,   0,   0,   0,   0,   0,   0,   0,   0,  0,   0,   0,   0,   0,   0, 193,   0,
tcp-astley-youtube-adblock-reversed,                                                             46,   0,   0,  20,  15,  15,  19,   2,   0,   0,   0,   5,   5,   0,  0,   0,   0,   0,   0,   0,   0,   0,   0,   0,   0,   0,   0,   0,  0,   0,   0,   0,   0,   0,   0,   0,   0,   0,   0,   0,   0,   0,  0,   0,   0,   0,   0,   0,   0,   0,   0,   0,   0,   0,   0,   0,  0,   0,   0,   0,   0,   0,   0,   0,   0,   0,   0,   0,   0,   0,  0,   0,   0,   0,   0,   0,   0,   0,   0,   0,   0,   0,   0,   0,  0,   0,   0,   0,   0,   0,   0,  73,
