baseline,                                                                                         93,   0,   0,   8,   7,  18,  13,   2,   0,   0,   0,   0,   1,   0,  0,   0,   0,   0,   0,   0,   0,   0,   0,   0,   0,   0,   0,   0,  0,   0,   0,   0,   0,   0,   0,   0,   0,   0,   0,   0,   0,   0,  0,   0,   0,   0,   0,   0,   0,   0,   0,   0,   0,   0,   0,   0,  0,   0,   0,   0,   0,   0,   0,   0,   0,   0,   0,   0,   0,   0,  0,   0,   0,   0,   0,   0,   0,   0,   0,   0,   0,   0,   0,   0,  0,   0,   0,   0,   0,   0,  61,
gdocs-listen-to-writing-diff,                                                                      0, 189,   0,   0,   0,   0,   0,   0,   0,   0,   0,   0,   0,   0,  0,   0,   0,   0,   0,   0,   0,   0,   0,   5,   0,   6,   0,   0,  0,   0,   0,   0,   0,   0,   0,   0,   0,   0,   0,   0,   0,   0,  0,   0,   0,   0,   0,   0,   0,   0,   0,   0,   0,   0,   0,   0,  0,   0,   0,   0,   0,   0,   0,   0,   0,   0,   0,   0,   0,   0,  0,   0,   0,   0,   0,   0,   0,   0,   0,   0,   0,   0,   0,   0,  0,   0,   0,   0,   0,   0,   0,
wget-google,                                                                                       0,   0,  96,   0,   0,   0,   0,   0,   0, 103,   0,   0,   0,   0,  0,   0,   0,   0,   0,   0,   0,   0,   0,   0,   0,   0,   0,   0,  0,   0,   0,   0,   0,   0,   0,   0,   0,   0,   0,   0,   0,   0,  0,   0,   0,   0,   0,   0,   0,   0,   0,   0,   0,   0,   0,   0,  0,   0,   0,   0,   0,   0,   0,   0,   0,   0,   0,   0,   1,   0,  0,   0,   0,   0,   0,   0,   0,   0,   0,   0,   0,   0,   0,   0,  0,   0,   0,   0,   0,   0,   0,
wget-multiple,                                                                                    14,   0,   1, 133,  13,  13,  14,   4,   0,   0,   0,   1,   2,   0,  0,   0,   0,   0,   0,   0,   0,   0,   0,   0,   0,   0,   0,   0,  0,   0,   0,   0,   0,   0,   0,   0,   0,   0,   0,   0,   0,   0,  0,   0,   0,   0,   0,   0,   0,   0,   0,   0,   0,   0,   0,   0,  0,   0,   0,   0,   0,   0,   0,   0,   0,   0,   0,   0,   0,   0,  0,   0,   0,   0,   0,   0,   0,   0,   0,   0,   0,   0,   0,   0,  0,   0,   0,   0,   0,   0,   5,
regular-wget,                                                                                     13,   0,   0,   8, 131,  18,  13,   5,   0,   0,   0,   2,   2,   0,  0,   0,   0,   0,   0,   0,   0,   0,   0,   0,   0,   0,   0,   0,  0,   0,   0,   0,   0,   0,   0,   0,   0,   0,   0,   1,   0,   0,  0,   0,   0,   0,   0,   0,   0,   0,   0,   0,   0,   0,   0,   0,  0,   0,   0,   0,   0,   0,   0,   0,   0,   0,   0,   0,   0,   0,  0,   0,   0,   0,   0,   0,   0,   0,   0,   0,   0,   0,   0,   0,  0,   0,   0,   0,   0,   0,   7,
scp-linux,                                                                                         8,   0,   0,  11,   9, 145,  12,   1,   0,   0,   0,   3,   0,   0,  0,   0,   0,   0,   0,   0,   0,   0,   0,   0,   0,   0,   0,   0,  0,   0,   0,   0,   0,   0,   0,   0,   0,   0,   0,   0,   0,   0,  0,   0,   0,   0,   0,   0,   0,   0,   0,   0,   0,   0,   0,   0,  0,   0,   0,   0,   0,   0,   0,   0,   0,   0,   0,   0,   0,   0,  0,   0,   0,   0,   0,   0,   0,   0,   0,   0,   0,   0,   0,   0,  0,   0,   0,   0,   0,   0,  11,
wget-wikipedia,                                                                                    8,   0,   0,  10,  10,  15, 145,   1,   0,   0,   0,   2,   3,   0,  0,   0,   0,   0,   0,   0,   0,   0,   0,   0,   0,   0,   0,   0,  0,   0,   0,   0,   0,   0,   0,   0,   0,   0,   0,   0,   0,   0,  0,   0,   0,   0,   0,   0,   0,   0,   0,   0,   0,   0,   0,   0,  0,   0,   0,   0,   0,   0,   0,   0,   0,   0,   0,   0,   0,   0,  0,   0,   0,   0,   0,   0,   0,   0,   0,   0,   0,   0,   0,   0,  0,   0,   0,   0,   0,   0,   6,
facebook-default-route,                                                                            2,   0,   0,   2,   3,   4,   3, 183,   0,   0,   0,   1,   1,   0,  0,   0,   0,   0,   0,   0,   0,   0,   0,   0,   0,   0,   0,   0,  0,   0,   0,   0,   0,   0,   0,   0,   0,   0,   0,   0,   0,   0,  0,   0,   0,   0,   0,   0,   0,   0,   0,   0,   0,   0,   0,   0,  0,   0,   0,   0,   0,   0,   0,   0,   0,   0,   0,   0,   0,   0,  0,   0,   0,   0,   0,   0,   0,   0,   0,   0,   0,   0,   0,   0,  0,   0,   0,   0,   0,   0,   1,
iperf-1M,                                                                                         0,   0,   0,   0,   0,   0,   0,   0, 200,   0,   0,   0,   0,   0,  0,   0,   0,   0,   0,   0,   0,   0,   0,   0,   0,   0,   0,   0,  0,   0,   0,   0,   0,   0,   0,   0,   0,   0,   0,   0,   0,   0,  0,   0,   0,   0,   0,   0,   0,   0,   0,   0,   0,   0,   0,   0,  0,   0,   0,   0,   0,   0,   0,   0,   0,   0,   0,   0,   0,   0,  0,   0,   0,   0,   0,   0,   0,   0,   0,   0,   0,   0,   0,   0,  0,   0,   0,   0,   0,   0,   0,
iperf-100K,                                                                                        0,   0,  95,   0,   0,   0,   0,   0,   0, 104,   0,   0,   0,   0,  0,   0,   0,   0,   0,   0,   0,   0,   0,   0,   0,   0,   0,   0,  0,   0,   0,   0,   0,   0,   0,   0,   0,   0,   0,   0,   0,   0,  0,   0,   0,   0,   0,   0,   0,   0,   0,   0,   0,   0,   0,   0,  0,   0,   0,   0,   0,   0,   0,   0,   0,   0,   0,   0,   1,   0,  0,   0,   0,   0,   0,   0,   0,   0,   0,   0,   0,   0,   0,   0,  0,   0,   0,   0,   0,   0,   0,
iperf-10K,                                                                                         0,   0,   0,   0,   0,   0,   0,   0,   0,   0, 200,   0,   0,   0,  0,   0,   0,   0,   0,   0,   0,   0,   0,   0,   0,   0,   0,   0,  0,   0,   0,   0,   0,   0,   0,   0,   0,   0,   0,   0,   0,   0,  0,   0,   0,   0,   0,   0,   0,   0,   0,   0,   0,   0,   0,   0,  0,   0,   0,   0,   0,   0,   0,   0,   0,   0,   0,   0,   0,   0,  0,   0,   0,   0,   0,   0,   0,   0,   0,   0,   0,   0,   0,   0,  0,   0,   0,   0,   0,   0,   0,
ping-2s-15B,                                                                                       5,   0,   0,   4,   7,   5,   6,   2,   0,   0,   0, 169,   0,   0,  0,   0,   0,   0,   0,   0,   0,   0,   0,   0,   0,   0,   0,   0,  0,   0,   0,   0,   0,   0,   0,   0,   0,   0,   0,   0,   0,   0,  0,   0,   0,   0,   0,   0,   0,   0,   0,   0,   0,   0,   0,   0,  0,   0,   0,   0,   0,   0,   0,   0,   0,   0,   0,   0,   0,   0,  0,   0,   0,   0,   0,   0,   0,   0,   0,   0,   0,   0,   0,   0,  0,   0,   0,   0,   0,   0,   2,
ping-5s-35B,                                                                                       2,   0,   0,   1,   4,   0,   3,   0,   0,   0,   0,   3, 185,   0,  0,   0,   0,   0,   0,   0,   0,   0,   0,   0,   0,   0,   0,   0,  0,   0,   0,   0,   0,   0,   0,   0,   0,   0,   0,   0,   0,   0,  0,   0,   0,   0,   0,   0,   0,   0,   0,   0,   0,   0,   0,   0,  0,   0,   0,   0,   0,   0,   0,   0,   0,   0,   0,   0,   0,   0,  0,   0,   0,   0,   0,   0,   0,   0,   0,   0,   0,   0,   0,   0,  0,   0,   0,   0,   0,   0,   2,
ping-2s-350B,                                                                                      0,   0,   0,   0,   0,   0,   0,   0,   0,   0,   0,   0,   0, 200,  0,   0,   0,   0,   0,   0,   0,   0,   0,   0,   0,   0,   0,   0,  0,   0,   0,   0,   0,   0,   0,   0,   0,   0,   0,   0,   0,   0,  0,   0,   0,   0,   0,   0,   0,   0,   0,   0,   0,   0,   0,   0,  0,   0,   0,   0,   0,   0,   0,   0,   0,   0,   0,   0,   0,   0,  0,   0,   0,   0,   0,   0,   0,   0,   0,   0,   0,   0,   0,   0,  0,   0,   0,   0,   0,   0,   0,
ping-2s-850B,                                                                                      0,   0,   0,   0,   0,   0,   0,   0,   0,   0,   0,   0,   0,   0,  199,   0,   0,   0,   0,   0,   0,   0,   0,   0,   0,   0,   0,   0,  0,   0,   0,   0,   0,   0,   0,   1,   0,   0,   0,   0,   0,   0,  0,   0,   0,   0,   0,   0,   0,   0,   0,   0,   0,   0,   0,   0,  0,   0,   0,   0,   0,   0,   0,   0,   0,   0,   0,   0,   0,   0,  0,   0,   0,   0,   0,   0,   0,   0,   0,   0,   0,   0,   0,   0,  0,   0,   0,   0,   0,   0, 0,
ping-5s-350B,                                                                                      1,   0,   0,   0,   0,   0,   0,   0,   0,   0,   0,   1,   2,   0,  0, 196,   0,   0,   0,   0,   0,   0,   0,   0,   0,   0,   0,   0,  0,   0,   0,   0,   0,   0,   0,   0,   0,   0,   0,   0,   0,   0,  0,   0,   0,   0,   0,   0,   0,   0,   0,   0,   0,   0,   0,   0,  0,   0,   0,   0,   0,   0,   0,   0,   0,   0,   0,   0,   0,   0,  0,   0,   0,   0,   0,   0,   0,   0,   0,   0,   0,   0,   0,   0,  0,   0,   0,   0,   0,   0,   0,
ping-5s-850B,                                                                                      0,   0,   0,   0,   0,   0,   0,   0,   0,   0,   0,   0,   0,   1,  0,   0, 199,   0,   0,   0,   0,   0,   0,   0,   0,   0,   0,   0,  0,   0,   0,   0,   0,   0,   0,   0,   0,   0,   0,   0,   0,   0,  0,   0,   0,   0,   0,   0,   0,   0,   0,   0,   0,   0,   0,   0,  0,   0,   0,   0,   0,   0,   0,   0,   0,   0,   0,   0,   0,   0,  0,   0,   0,   0,   0,   0,   0,   0,   0,   0,   0,   0,   0,   0,  0,   0,   0,   0,   0,   0,   0,
f-iperf-30M-h-iperf-30M,                                                                           0,   0,   0,   0,   0,   0,   0,   0,   0,   0,   0,   0,   0,   0,  0,   0,   0, 200,   0,   0,   0,   0,   0,   0,   0,   0,   0,   0,  0,   0,   0,   0,   0,   0,   0,   0,   0,   0,   0,   0,   0,   0,  0,   0,   0,   0,   0,   0,   0,   0,   0,   0,   0,   0,   0,   0,  0,   0,   0,   0,   0,   0,   0,   0,   0,   0,   0,   0,   0,   0,  0,   0,   0,   0,   0,   0,   0,   0,   0,   0,   0,   0,   0,   0,  0,   0,   0,   0,   0,   0,   0,
f-iperf-40M-h-iperf-40M,                                                                           0,   0,   0,   0,   0,   0,   0,   0,   0,   0,   0,   0,   0,   0,  0,   0,   0,   0, 200,   0,   0,   0,   0,   0,   0,   0,   0,   0,  0,   0,   0,   0,   0,   0,   0,   0,   0,   0,   0,   0,   0,   0,  0,   0,   0,   0,   0,   0,   0,   0,   0,   0,   0,   0,   0,   0,  0,   0,   0,   0,   0,   0,   0,   0,   0,   0,   0,   0,   0,   0,  0,   0,   0,   0,   0,   0,   0,   0,   0,   0,   0,   0,   0,   0,  0,   0,   0,   0,   0,   0,   0,
f-ping-400B-3s-h-iperf-100M,                                                                       0,   0,   0,   0,   0,   0,   0,   0,   0,   0,   0,   0,   0,   0,  0,   0,   0,   0,   0, 194,   6,   0,   0,   0,   0,   0,   0,   0,  0,   0,   0,   0,   0,   0,   0,   0,   0,   0,   0,   0,   0,   0,  0,   0,   0,   0,   0,   0,   0,   0,   0,   0,   0,   0,   0,   0,  0,   0,   0,   0,   0,   0,   0,   0,   0,   0,   0,   0,   0,   0,  0,   0,   0,   0,   0,   0,   0,   0,   0,   0,   0,   0,   0,   0,  0,   0,   0,   0,   0,   0,   0,
f-ping-400B-3s-h-iperf-80M,                                                                        0,   0,   0,   0,   0,   0,   0,   0,   0,   0,   0,   0,   0,   0,  0,   0,   0,   0,   0,   1, 199,   0,   0,   0,   0,   0,   0,   0,  0,   0,   0,   0,   0,   0,   0,   0,   0,   0,   0,   0,   0,   0,  0,   0,   0,   0,   0,   0,   0,   0,   0,   0,   0,   0,   0,   0,  0,   0,   0,   0,   0,   0,   0,   0,   0,   0,   0,   0,   0,   0,  0,   0,   0,   0,   0,   0,   0,   0,   0,   0,   0,   0,   0,   0,  0,   0,   0,   0,   0,   0,   0,
amazon-add-to-cart,                                                                                0,   0,   0,   0,   0,   0,   0,   0,   0,   0,   0,   0,   0,   0,  0,   0,   0,   0,   0,   0,   0, 191,   6,   0,   0,   0,   0,   0,  0,   0,   0,   2,   1,   0,   0,   0,   0,   0,   0,   0,   0,   0,  0,   0,   0,   0,   0,   0,   0,   0,   0,   0,   0,   0,   0,   0,  0,   0,   0,   0,   0,   0,   0,   0,   0,   0,   0,   0,   0,   0,  0,   0,   0,   0,   0,   0,   0,   0,   0,   0,   0,   0,   0,   0,  0,   0,   0,   0,   0,   0,   0,
amazon-browse-front,                                                                               0,   0,   0,   0,   0,   0,   0,   0,   0,   0,   0,   0,   0,   0,  0,   0,   0,   0,   0,   0,   0,   1, 199,   0,   0,   0,   0,   0,  0,   0,   0,   0,   0,   0,   0,   0,   0,   0,   0,   0,   0,   0,  0,   0,   0,   0,   0,   0,   0,   0,   0,   0,   0,   0,   0,   0,  0,   0,   0,   0,   0,   0,   0,   0,   0,   0,   0,   0,   0,   0,  0,   0,   0,   0,   0,   0,   0,   0,   0,   0,   0,   0,   0,   0,  0,   0,   0,   0,   0,   0,   0,
gdocs-basic-writing,                                                                               0,   6,   0,   0,   0,   0,   0,   0,   0,   0,   0,   0,   0,   0,  0,   0,   0,   0,   0,   0,   0,   0,   0, 188,   2,   4,   0,   0,  0,   0,   0,   0,   0,   0,   0,   0,   0,   0,   0,   0,   0,   0,  0,   0,   0,   0,   0,   0,   0,   0,   0,   0,   0,   0,   0,   0,  0,   0,   0,   0,   0,   0,   0,   0,   0,   0,   0,   0,   0,   0,  0,   0,   0,   0,   0,   0,   0,   0,   0,   0,   0,   0,   0,   0,  0,   0,   0,   0,   0,   0,   0,
gdocs-listen-to-writing-same,                                                                      0,   0,   0,   0,   0,   0,   0,   0,   0,   0,   0,   0,   0,   0,  0,   0,   0,   0,   0,   0,   0,   0,   0,   3, 193,   2,   2,   0,  0,   0,   0,   0,   0,   0,   0,   0,   0,   0,   0,   0,   0,   0,  0,   0,   0,   0,   0,   0,   0,   0,   0,   0,   0,   0,   0,   0,  0,   0,   0,   0,   0,   0,   0,   0,   0,   0,   0,   0,   0,   0,  0,   0,   0,   0,   0,   0,   0,   0,   0,   0,   0,   0,   0,   0,  0,   0,   0,   0,   0,   0,   0,
gdocs-listen-\&-writing-diff,                                                                      0,   3,   0,   0,   0,   0,   0,   0,   0,   0,   0,   0,   0,   0,  0,   0,   0,   0,   0,   0,   0,   0,   0,   4,   1, 192,   0,   0,  0,   0,   0,   0,   0,   0,   0,   0,   0,   0,   0,   0,   0,   0,  0,   0,   0,   0,   0,   0,   0,   0,   0,   0,   0,   0,   0,   0,  0,   0,   0,   0,   0,   0,   0,   0,   0,   0,   0,   0,   0,   0,  0,   0,   0,   0,   0,   0,   0,   0,   0,   0,   0,   0,   0,   0,  0,   0,   0,   0,   0,   0,   0,
gmail-basic-recieving,                                                                             0,   0,   0,   0,   0,   0,   0,   0,   0,   0,   0,   0,   0,   0,  0,   0,   0,   0,   0,   0,   0,   0,   0,   2,   0,   1, 196,   0,  0,   0,   0,   0,   0,   0,   0,   0,   0,   0,   0,   0,   0,   0,  1,   0,   0,   0,   0,   0,   0,   0,   0,   0,   0,   0,   0,   0,  0,   0,   0,   0,   0,   0,   0,   0,   0,   0,   0,   0,   0,   0,  0,   0,   0,   0,   0,   0,   0,   0,   0,   0,   0,   0,   0,   0,  0,   0,   0,   0,   0,   0,   0,
gmail-basic-sending,                                                                               0,   0,   0,   0,   0,   0,   0,   0,   0,   0,   0,   0,   0,   0,  0,   0,   0,   0,   0,   0,   0,   0,   0,   0,   0,   0,   0, 200,  0,   0,   0,   0,   0,   0,   0,   0,   0,   0,   0,   0,   0,   0,  0,   0,   0,   0,   0,   0,   0,   0,   0,   0,   0,   0,   0,   0,  0,   0,   0,   0,   0,   0,   0,   0,   0,   0,   0,   0,   0,   0,  0,   0,   0,   0,   0,   0,   0,   0,   0,   0,   0,   0,   0,   0,  0,   0,   0,   0,   0,   0,   0,
astley-youtube-adblock,                                                                            0,   0,   0,   0,   0,   0,   0,   0,   0,   0,   0,   0,   0,   0,  0,   0,   0,   0,   0,   0,   0,   0,   0,   0,   0,   0,   0,   0,  200,   0,   0,   0,   0,   0,   0,   0,   0,   0,   0,   0,   0,   0,  0,   0,   0,   0,   0,   0,   0,   0,   0,   0,   0,   0,   0,   0,  0,   0,   0,   0,   0,   0,   0,   0,   0,   0,   0,   0,   0,   0,  0,   0,   0,   0,   0,   0,   0,   0,   0,   0,   0,   0,   0,   0,  0,   0,   0,   0,   0,   0, 0,
astley-youtube-raw,                                                                                0,   0,   0,   0,   0,   0,   0,   0,   0,   0,   0,   0,   0,   0,  0,   0,   0,   0,   0,   0,   0,   0,   0,   0,   0,   0,   0,   0,  0, 200,   0,   0,   0,   0,   0,   0,   0,   0,   0,   0,   0,   0,  0,   0,   0,   0,   0,   0,   0,   0,   0,   0,   0,   0,   0,   0,  0,   0,   0,   0,   0,   0,   0,   0,   0,   0,   0,   0,   0,   0,  0,   0,   0,   0,   0,   0,   0,   0,   0,   0,   0,   0,   0,   0,  0,   0,   0,   0,   0,   0,   0,
google-basic-search,                                                                               0,   0,   0,   0,   0,   0,   0,   0,   0,   0,   0,   0,   0,   0,  0,   0,   0,   0,   0,   0,   0,   0,   0,   0,   0,   0,   0,   0,  0,   0, 200,   0,   0,   0,   0,   0,   0,   0,   0,   0,   0,   0,  0,   0,   0,   0,   0,   0,   0,   0,   0,   0,   0,   0,   0,   0,  0,   0,   0,   0,   0,   0,   0,   0,   0,   0,   0,   0,   0,   0,  0,   0,   0,   0,   0,   0,   0,   0,   0,   0,   0,   0,   0,   0,  0,   0,   0,   0,   0,   0,   0,
gtranslate-basic-lorem,                                                                            0,   0,   0,   0,   0,   0,   0,   0,   0,   0,   0,   0,   0,   0,  0,   0,   0,   0,   0,   0,   0,   0,   0,   0,   0,   0,   0,   0,  0,   0,   0, 191,   8,   0,   0,   0,   0,   0,   0,   0,   0,   0,  1,   0,   0,   0,   0,   0,   0,   0,   0,   0,   0,   0,   0,   0,  0,   0,   0,   0,   0,   0,   0,   0,   0,   0,   0,   0,   0,   0,  0,   0,   0,   0,   0,   0,   0,   0,   0,   0,   0,   0,   0,   0,  0,   0,   0,   0,   0,   0,   0,
gtranslate-french-lorem,                                                                           0,   0,   0,   0,   0,   0,   0,   0,   0,   0,   0,   0,   0,   0,  0,   0,   0,   0,   0,   0,   0,   0,   1,   0,   0,   0,   0,   0,  0,   0,   0,   9, 190,   0,   0,   0,   0,   0,   0,   0,   0,   0,  0,   0,   0,   0,   0,   0,   0,   0,   0,   0,   0,   0,   0,   0,  0,   0,   0,   0,   0,   0,   0,   0,   0,   0,   0,   0,   0,   0,  0,   0,   0,   0,   0,   0,   0,   0,   0,   0,   0,   0,   0,   0,  0,   0,   0,   0,   0,   0,   0,
twitch-basic-streamer-view,                                                                        0,   0,   0,   0,   0,   0,   0,   0,   0,   0,   0,   0,   0,   0,  0,   0,   0,   0,   0,   0,   0,   0,   0,   0,   0,   0,   0,   0,  0,   0,   0,   0,   0, 196,   4,   0,   0,   0,   0,   0,   0,   0,  0,   0,   0,   0,   0,   0,   0,   0,   0,   0,   0,   0,   0,   0,  0,   0,   0,   0,   0,   0,   0,   0,   0,   0,   0,   0,   0,   0,  0,   0,   0,   0,   0,   0,   0,   0,   0,   0,   0,   0,   0,   0,  0,   0,   0,   0,   0,   0,   0,
twitch-view-home,                                                                                  0,   0,   0,   0,   0,   0,   0,   0,   0,   0,   0,   0,   0,   0,  0,   0,   0,   0,   0,   0,   0,   0,   0,   0,   0,   0,   0,   0,  0,   0,   0,   0,   0,   0, 200,   0,   0,   0,   0,   0,   0,   0,  0,   0,   0,   0,   0,   0,   0,   0,   0,   0,   0,   0,   0,   0,  0,   0,   0,   0,   0,   0,   0,   0,   0,   0,   0,   0,   0,   0,  0,   0,   0,   0,   0,   0,   0,   0,   0,   0,   0,   0,   0,   0,  0,   0,   0,   0,   0,   0,   0,
wget-multiple-reversed,                                                                            0,   0,   0,   0,   0,   0,   0,   0,   0,   0,   0,   0,   0,   0,  0,   0,   0,   0,   0,   0,   0,   0,   0,   0,   0,   0,   0,   0,  0,   0,   0,   0,   0,   0,   0, 199,   0,   0,   0,   0,   0,   0,  0,   0,   0,   0,   0,   0,   0,   0,   0,   0,   0,   0,   0,   0,  0,   0,   0,   0,   0,   0,   0,   0,   0,   0,   0,   0,   0,   0,  0,   0,   0,   0,   0,   0,   0,   0,   0,   0,   0,   0,   0,   0,  0,   0,   0,   0,   0,   0,   0,
amazon-add-to-cart-reverse,                                                                        0,   0,   0,   0,   0,   0,   0,   0,   0,   0,   0,   0,   0,   0,  0,   0,   0,   0,   0,   0,   0,   0,   0,   0,   0,   0,   0,   0,  0,   0,   0,   0,   0,   0,   0,   0, 188,   7,   0,   0,   0,   0,  0,   0,   0,   2,   1,   0,   2,   0,   0,   0,   0,   0,   0,   0,  0,   0,   0,   0,   0,   0,   0,   0,   0,   0,   0,   0,   0,   0,  0,   0,   0,   0,   0,   0,   0,   0,   0,   0,   0,   0,   0,   0,  0,   0,   0,   0,   0,   0,   0,
amazon-browse-front-reversed,                                                                      0,   0,   0,   0,   0,   0,   0,   0,   0,   0,   0,   0,   0,   0,  0,   0,   0,   0,   0,   0,   0,   0,   0,   0,   0,   0,   0,   0,  0,   0,   0,   0,   0,   0,   0,   0,   8, 190,   0,   0,   0,   0,  0,   0,   1,   1,   0,   0,   0,   0,   0,   0,   0,   0,   0,   0,  0,   0,   0,   0,   0,   0,   0,   0,   0,   0,   0,   0,   0,   0,  0,   0,   0,   0,   0,   0,   0,   0,   0,   0,   0,   0,   0,   0,  0,   0,   0,   0,   0,   0,   0,
astley-youtube-adblock-reversed,                                                                   0,   0,   0,   0,   0,   0,   0,   0,   0,   0,   0,   0,   0,   0,  0,   0,   0,   0,   0,   0,   0,   0,   0,   0,   0,   0,   0,   0,  0,   0,   0,   0,   0,   0,   0,   0,   0,   0, 200,   0,   0,   0,  0,   0,   0,   0,   0,   0,   0,   0,   0,   0,   0,   0,   0,   0,  0,   0,   0,   0,   0,   0,   0,   0,   0,   0,   0,   0,   0,   0,  0,   0,   0,   0,   0,   0,   0,   0,   0,   0,   0,   0,   0,   0,  0,   0,   0,   0,   0,   0,   0,
facebook-default-route-reversed,                                                                   0,   0,   0,   0,   0,   0,   0,   0,   0,   0,   0,   0,   0,   0,  0,   0,   0,   0,   0,   0,   0,   0,   0,   0,   0,   0,   0,   0,  0,   0,   0,   0,   0,   0,   0,   0,   0,   0,   0, 182,   0,   0,  0,   0,   0,   0,   0,   0,   0,   0,   0,   0,   0,   0,   0,   1,  4,   0,   0,   0,   0,   8,   5,   0,   0,   0,   0,   0,   0,   0,  0,   0,   0,   0,   0,   0,   0,   0,   0,   0,   0,   0,   0,   0,  0,   0,   0,   0,   0,   0,   0,
gdocs-basic-writing-reversed,                                                                      0,   1,   0,   0,   0,   0,   0,   0,   0,   0,   0,   0,   0,   0,  0,   0,   0,   0,   0,   0,   0,   0,   0,   0,   0,   0,   0,   0,  0,   0,   0,   0,   0,   0,   0,   0,   0,   0,   0,   0, 190,   9,  0,   0,   0,   0,   0,   0,   0,   0,   0,   0,   0,   0,   0,   0,  0,   0,   0,   0,   0,   0,   0,   0,   0,   0,   0,   0,   0,   0,  0,   0,   0,   0,   0,   0,   0,   0,   0,   0,   0,   0,   0,   0,  0,   0,   0,   0,   0,   0,   0,
gdocs-listen-to-writing-diff-reversed,                                                             0,   0,   0,   0,   0,   0,   0,   0,   0,   0,   0,   0,   0,   0,  0,   0,   0,   0,   0,   0,   0,   0,   1,   0,   0,   0,   0,   0,  0,   0,   0,   0,   0,   0,   0,   0,   0,   0,   0,   0,   7, 192,  0,   0,   0,   0,   0,   0,   0,   0,   0,   0,   0,   0,   0,   0,  0,   0,   0,   0,   0,   0,   0,   0,   0,   0,   0,   0,   0,   0,  0,   0,   0,   0,   0,   0,   0,   0,   0,   0,   0,   0,   0,   0,  0,   0,   0,   0,   0,   0,   0,
gmail-basic-recieving-reversed,                                                                    0,   0,   0,   0,   0,   0,   0,   0,   0,   0,   0,   0,   0,   0,  0,   0,   0,   0,   0,   0,   0,   1,   0,   0,   0,   0,   0,   0,  0,   0,   0,   0,   0,   0,   1,   0,   0,   0,   0,   0,   0,   0,  196,   2,   0,   0,   0,   0,   0,   0,   0,   0,   0,   0,   0,   0,  0,   0,   0,   0,   0,   0,   0,   0,   0,   0,   0,   0,   0,   0,  0,   0,   0,   0,   0,   0,   0,   0,   0,   0,   0,   0,   0,   0,  0,   0,   0,   0,   0,   0, 0,
gmail-basic-sending-reversed,                                                                      0,   0,   0,   0,   0,   0,   0,   0,   0,   0,   0,   0,   0,   0,  0,   0,   0,   0,   0,   0,   0,   0,   0,   0,   0,   0,   0,   0,  0,   0,   0,   0,   0,   0,   0,   0,   0,   0,   0,   0,   0,   0,  0, 200,   0,   0,   0,   0,   0,   0,   0,   0,   0,   0,   0,   0,  0,   0,   0,   0,   0,   0,   0,   0,   0,   0,   0,   0,   0,   0,  0,   0,   0,   0,   0,   0,   0,   0,   0,   0,   0,   0,   0,   0,  0,   0,   0,   0,   0,   0,   0,
google-basic-search-reversed,                                                                      0,   0,   0,   0,   0,   0,   0,   0,   0,   0,   0,   0,   0,   0,  0,   0,   0,   0,   0,   0,   0,   0,   0,   0,   0,   0,   0,   0,  0,   0,   0,   0,   0,   0,   0,   0,   0,   0,   0,   0,   0,   0,  0,   0, 200,   0,   0,   0,   0,   0,   0,   0,   0,   0,   0,   0,  0,   0,   0,   0,   0,   0,   0,   0,   0,   0,   0,   0,   0,   0,  0,   0,   0,   0,   0,   0,   0,   0,   0,   0,   0,   0,   0,   0,  0,   0,   0,   0,   0,   0,   0,
gtranslate-basic-lorem-reversed,                                                                   0,   0,   0,   0,   0,   0,   0,   0,   0,   0,   0,   0,   0,   0,  0,   0,   0,   0,   0,   0,   0,   0,   1,   0,   0,   0,   0,   0,  0,   0,   0,   0,   0,   0,   0,   0,   1,   0,   0,   0,   0,   0,  0,   0,   0, 188,  10,   0,   0,   0,   0,   0,   0,   0,   0,   0,  0,   0,   0,   0,   0,   0,   0,   0,   0,   0,   0,   0,   0,   0,  0,   0,   0,   0,   0,   0,   0,   0,   0,   0,   0,   0,   0,   0,  0,   0,   0,   0,   0,   0,   0,
gtranslate-french-lorem-reversed,                                                                  0,   0,   0,   0,   0,   0,   0,   0,   0,   0,   0,   0,   0,   0,  0,   0,   0,   0,   0,   0,   0,   0,   0,   0,   0,   0,   0,   0,  0,   0,   0,   0,   0,   0,   0,   0,   0,   0,   0,   0,   0,   0,  0,   0,   0,   7, 193,   0,   0,   0,   0,   0,   0,   0,   0,   0,  0,   0,   0,   0,   0,   0,   0,   0,   0,   0,   0,   0,   0,   0,  0,   0,   0,   0,   0,   0,   0,   0,   0,   0,   0,   0,   0,   0,  0,   0,   0,   0,   0,   0,   0,
wget-wikipedia-reversed,                                                                           0,   0,   0,   0,   0,   0,   0,   0,   0,   0,   0,   0,   0,   0,  0,   0,   0,   0,   0,   0,   0,   0,   0,   0,   0,   0,   0,   0,  0,   0,   0,   0,   0,   0,   0,   0,   0,   0,   0,   0,   0,   0,  0,   0,   0,   0,   0, 199,   0,   0,   0,   0,   0,   0,   0,   0,  1,   0,   0,   0,   0,   0,   0,   0,   0,   0,   0,   0,   0,   0,  0,   0,   0,   0,   0,   0,   0,   0,   0,   0,   0,   0,   0,   0,  0,   0,   0,   0,   0,   0,   0,
twitch-basic-streamer-view-reversed,                                                               0,   0,   0,   0,   0,   0,   0,   0,   0,   0,   0,   0,   0,   0,  0,   0,   0,   0,   0,   0,   0,   0,   0,   0,   0,   0,   0,   0,  0,   0,   0,   0,   0,   0,   0,   0,   1,   2,   0,   0,   0,   0,  0,   0,   0,   0,   0,   0, 197,   0,   0,   0,   0,   0,   0,   0,  0,   0,   0,   0,   0,   0,   0,   0,   0,   0,   0,   0,   0,   0,  0,   0,   0,   0,   0,   0,   0,   0,   0,   0,   0,   0,   0,   0,  0,   0,   0,   0,   0,   0,   0,
mixed-gdoc-basic-writing-youtube-ads,                                                              0,   0,   0,   0,   0,   0,   0,   0,   0,   0,   0,   0,   0,   0,  0,   0,   0,   0,   0,   0,   0,   0,   0,   0,   0,   0,   0,   0,  0,   0,   0,   0,   0,   0,   0,   0,   0,   0,   0,   0,   0,   0,  0,   0,   0,   0,   0,   0,   0, 199,   0,   1,   0,   0,   0,   0,  0,   0,   0,   0,   0,   0,   0,   0,   0,   0,   0,   0,   0,   0,  0,   0,   0,   0,   0,   0,   0,   0,   0,   0,   0,   0,   0,   0,  0,   0,   0,   0,   0,   0,   0,
mixed-scp-rsync,                                                                                   0,   0,   0,   0,   0,   0,   0,   0,   0,   0,   0,   0,   0,   0,  0,   0,   0,   0,   0,   0,   0,   0,   0,   0,   0,   0,   0,   0,  0,   0,   0,   0,   0,   0,   0,   0,   0,   0,   0,   0,   0,   0,  0,   0,   0,   0,   0,   0,   0,   0, 200,   0,   0,   0,   0,   0,  0,   0,   0,   0,   0,   0,   0,   0,   0,   0,   0,   0,   0,   0,  0,   0,   0,   0,   0,   0,   0,   0,   0,   0,   0,   0,   0,   0,  0,   0,   0,   0,   0,   0,   0,
mixed-twitch-curl-https,                                                                           0,   0,   0,   0,   0,   0,   0,   0,   0,   0,   0,   0,   0,   0,  0,   0,   0,   0,   0,   0,   0,   0,   0,   0,   0,   0,   0,   0,  0,   0,   0,   0,   0,   0,   0,   0,   0,   0,   0,   0,   0,   0,  0,   0,   0,   0,   0,   0,   0,   1,   0, 194,   0,   1,   2,   0,  0,   0,   0,   1,   0,   0,   0,   0,   0,   0,   0,   0,   1,   0,  0,   0,   0,   0,   0,   0,   0,   0,   0,   0,   0,   0,   0,   0,  0,   0,   0,   0,   0,   0,   0,
mixed-twitch-iperf-100K,                                                                           0,   0,   0,   0,   0,   0,   0,   0,   0,   0,   0,   0,   0,   0,  0,   0,   0,   0,   0,   0,   0,   0,   0,   0,   0,   0,   0,   0,  0,   0,   0,   0,   0,   0,   0,   0,   0,   0,   0,   0,   0,   0,  0,   0,   0,   0,   0,   0,   0,   0,   0,   0, 189,   1,   0,   0,  0,   0,   0,   3,   0,   0,   0,   0,   0,   0,   0,   0,   0,   4,  3,   0,   0,   0,   0,   0,   0,   0,   0,   0,   0,   0,   0,   0,  0,   0,   0,   0,   0,   0,   0,
mixed-stutter-wget-ftp-large-scp,                                                                  0,   0,   0,   0,   0,   0,   0,   0,   0,   0,   0,   0,   0,   0,  0,   0,   0,   0,   0,   0,   0,   0,   0,   0,   0,   0,   0,   0,  0,   0,   0,   0,   0,   0,   0,   0,   0,   0,   0,   0,   0,   0,  0,   0,   0,   0,   0,   0,   0,   0,   0,   1,   0, 184,   0,   0,  0,   0,  15,   0,   0,   0,   0,   0,   0,   0,   0,   0,   0,   0,  0,   0,   0,   0,   0,   0,   0,   0,   0,   0,   0,   0,   0,   0,  0,   0,   0,   0,   0,   0,   0,
mixed-twitch-wget-ftp-large,                                                                       0,   0,   0,   0,   0,   0,   0,   0,   0,   0,   0,   0,   0,   0,  0,   0,   0,   0,   0,   0,   0,   0,   0,   0,   0,   0,   0,   0,  0,   0,   0,   0,   0,   0,   0,   0,   0,   0,   0,   0,   0,   0,  0,   0,   0,   0,   0,   0,   0,   1,   0,   0,   0,   0, 199,   0,  0,   0,   0,   0,   0,   0,   0,   0,   0,   0,   0,   0,   0,   0,  0,   0,   0,   0,   0,   0,   0,   0,   0,   0,   0,   0,   0,   0,  0,   0,   0,   0,   0,   0,   0,
mixed-wget-ftp-large-wget-short,                                                                   0,   0,   0,   0,   0,   0,   0,   0,   0,   0,   0,   0,   0,   0,  0,   0,   0,   0,   0,   0,   0,   0,   0,   0,   0,   0,   0,   0,  0,   0,   0,   0,   0,   0,   0,   0,   0,   0,   0,   0,   0,   0,  0,   0,   0,   0,   0,   0,   0,   0,   0,   0,   0,   0,   0, 199,  1,   0,   0,   0,   0,   0,   0,   0,   0,   0,   0,   0,   0,   0,  0,   0,   0,   0,   0,   0,   0,   0,   0,   0,   0,   0,   0,   0,  0,   0,   0,   0,   0,   0,   0,
mixed-wget-https-large-wget-short,                                                                 0,   0,   0,   0,   0,   0,   0,   0,   0,   0,   0,   0,   0,   0,  0,   0,   0,   0,   0,   0,   0,   0,   0,   0,   0,   0,   0,   0,  0,   0,   0,   0,   0,   0,   0,   0,   0,   0,   0,   0,   0,   0,  0,   0,   0,   0,   0,   1,   0,   0,   0,   0,   0,   0,   0,   1,  198,   0,   0,   0,   0,   0,   0,   0,   0,   0,   0,   0,   0,   0,  0,   0,   0,   0,   0,   0,   0,   0,   0,   0,   0,   0,   0,   0,  0,   0,   0,   0,   0,   0, 0,
mixed-stutter-wget-ftp-large-youtube,                                                              0,   0,   0,   0,   0,   0,   0,   0,   0,   0,   0,   0,   0,   0,  0,   0,   0,   0,   0,   0,   0,   0,   0,   0,   0,   0,   0,   0,  0,   0,   0,   0,   0,   0,   0,   0,   0,   0,   0,   0,   0,   0,  0,   0,   0,   0,   0,   0,   0,   0,   1,   0,   0,   0,   0,   0,  0, 198,   0,   0,   0,   0,   0,   0,   0,   0,   0,   0,   1,   0,  0,   0,   0,   0,   0,   0,   0,   0,   0,   0,   0,   0,   0,   0,  0,   0,   0,   0,   0,   0,   0,
mixed-twitch-ping-2s-350B,                                                                         0,   0,   0,   0,   0,   0,   0,   0,   0,   0,   0,   0,   0,   0,  0,   0,   0,   0,   0,   0,   0,   0,   0,   0,   0,   0,   0,   0,  0,   0,   0,   0,   0,   0,   0,   0,   0,   0,   0,   0,   0,   0,  0,   0,   0,   0,   0,   0,   0,   0,   0,   0,   0,   9,   0,   0,  0,   0, 191,   0,   0,   0,   0,   0,   0,   0,   0,   0,   0,   0,  0,   0,   0,   0,   0,   0,   0,   0,   0,   0,   0,   0,   0,   0,  0,   0,   0,   0,   0,   0,   0,
mixed-stutter-wget-ftp-large-gdocs,                                                                0,   0,   0,   0,   0,   0,   0,   0,   0,   0,   0,   0,   0,   0,  0,   0,   0,   0,   0,   0,   0,   0,   0,   0,   0,   0,   0,   0,  0,   0,   0,   0,   0,   0,   0,   0,   0,   0,   0,   0,   0,   0,  0,   0,   0,   0,   0,   0,   0,   0,   0,   0,   1,   0,   0,   0,  0,   0,   0, 196,   0,   0,   0,   0,   0,   0,   0,   0,   0,   0,  3,   0,   0,   0,   0,   0,   0,   0,   0,   0,   0,   0,   0,   0,  0,   0,   0,   0,   0,   0,   0,
true-ftp-rand-data,                                                                                0,   0,   0,   0,   0,   0,   0,   0,   0,   0,   0,   0,   0,   0,  0,   0,   0,   0,   0,   0,   0,   0,   0,   0,   0,   0,   0,   0,  0,   0,   0,   0,   0,   0,   0,   0,   0,   0,   0,   0,   0,   0,  0,   0,   0,   0,   0,   0,   0,   0,   0,   0,   0,   0,   0,   0,  0,   0,   0,   0, 199,   0,   0,   1,   0,   0,   0,   0,   0,   0,  0,   0,   0,   0,   0,   0,   0,   0,   0,   0,   0,   0,   0,   0,  0,   0,   0,   0,   0,   0,   0,
curl-https-rand-data,                                                                              0,   0,   0,   0,   0,   0,   0,   0,   0,   0,   0,   0,   0,   0,  0,   0,   0,   0,   0,   0,   0,   0,   0,   0,   0,   0,   0,   0,  0,   0,   0,   0,   0,   0,   0,   0,   0,   0,   0,   4,   0,   0,  0,   0,   0,   0,   0,   0,   0,   0,   0,   0,   0,   0,   0,   0,  0,   0,   0,   0,   0, 186,  10,   0,   0,   0,   0,   0,   0,   0,  0,   0,   0,   0,   0,   0,   0,   0,   0,   0,   0,   0,   0,   0,  0,   0,   0,   0,   0,   0,   0,
wget-https-rand-data,                                                                              0,   0,   0,   0,   0,   0,   0,   0,   0,   0,   0,   0,   0,   0,  0,   0,   0,   0,   0,   0,   0,   0,   0,   0,   0,   0,   0,   0,  0,   0,   0,   0,   0,   0,   0,   0,   0,   0,   0,   5,   0,   0,  0,   0,   0,   0,   0,   0,   0,   0,   0,   0,   0,   0,   0,   0,  0,   0,   0,   0,   0,  15, 180,   0,   0,   0,   0,   0,   0,   0,  0,   0,   0,   0,   0,   0,   0,   0,   0,   0,   0,   0,   0,   0,  0,   0,   0,   0,   0,   0,   0,
curl-http-rand-data,                                                                               0,   0,   0,   0,   0,   0,   0,   0,   0,   0,   0,   0,   0,   0,  0,   0,   0,   0,   0,   0,   0,   0,   0,   0,   0,   0,   0,   0,  0,   0,   0,   0,   0,   0,   0,   0,   0,   0,   0,   0,   0,   0,  0,   0,   0,   0,   0,   0,   0,   0,   0,   0,   0,   0,   0,   0,  0,   0,   0,   0,   0,   0,   0, 188,  10,   0,   0,   0,   1,   0,  0,   0,   0,   0,   0,   0,   0,   0,   0,   0,   0,   0,   0,   0,  0,   0,   0,   0,   0,   0,   0,
wget-http-rand-data,                                                                               0,   0,   0,   0,   0,   0,   0,   0,   0,   0,   0,   0,   0,   0,  0,   0,   0,   0,   0,   0,   0,   0,   0,   0,   0,   0,   0,   0,  0,   0,   0,   0,   0,   0,   0,   0,   0,   0,   0,   0,   0,   0,  0,   0,   0,   0,   0,   0,   0,   0,   0,   0,   0,   0,   0,   0,  0,   0,   0,   0,   0,   0,   0,  11, 189,   0,   0,   0,   0,   0,  0,   0,   0,   0,   0,   0,   0,   0,   0,   0,   0,   0,   0,   0,  0,   0,   0,   0,   0,   0,   0,
git-linux-from-github,                                                                             0,   0,   0,   0,   0,   0,   0,   0,   0,   0,   0,   0,   0,   0,  0,   0,   0,   0,   0,   0,   0,   0,   0,   0,   0,   0,   0,   0,  0,   0,   0,   0,   0,   0,   0,   0,   0,   0,   0,   0,   0,   0,  0,   0,   0,   0,   0,   0,   0,   0,   0,   0,   0,   0,   0,   0,  0,   0,   0,   0,   0,   0,   0,   0,   1, 197,   1,   0,   0,   0,  0,   0,   0,   0,   1,   0,   0,   0,   0,   0,   0,   0,   0,   0,  0,   0,   0,   0,   0,   0,   0,
rsync-rand-data,                                                                                   0,   0,   0,   0,   0,   0,   0,   0,   0,   0,   0,   0,   0,   0,  0,   0,   0,   0,   0,   0,   0,   0,   0,   0,   0,   0,   0,   0,  0,   0,   0,   0,   0,   0,   0,   0,   0,   0,   0,   0,   0,   0,  0,   0,   0,   0,   0,   0,   0,   0,   0,   0,   0,   0,   0,   0,  0,   0,   0,   0,   0,   0,   0,   0,   0,   0, 199,   0,   1,   0,  0,   0,   0,   0,   0,   0,   0,   0,   0,   0,   0,   0,   0,   0,  0,   0,   0,   0,   0,   0,   0,
scp-rand-data,                                                                                     0,   0,   0,   0,   0,   0,   0,   0,   0,   0,   0,   0,   0,   0,  0,   0,   0,   0,   0,   0,   0,   0,   0,   0,   0,   0,   0,   0,  0,   0,   0,   0,   0,   0,   0,   0,   0,   0,   1,   0,   0,   0,  0,   0,   0,   0,   0,   0,   0,   0,   0,   0,   0,   0,   0,   0,  0,   0,   0,   0,   0,   0,   0,   0,   0,   0,   0, 199,   0,   0,  0,   0,   0,   0,   0,   0,   0,   0,   0,   0,   0,   0,   0,   0,  0,   0,   0,   0,   0,   0,   0,
wget-ftp-rand-data,                                                                                0,   0,   0,   0,   0,   0,   0,   0,   0,   0,   0,   0,   0,   0,  0,   0,   0,   0,   0,   0,   0,   0,   0,   0,   0,   0,   0,   0,  0,   0,   0,   0,   0,   0,   0,   0,   0,   0,   0,   0,   0,   0,  0,   0,   0,   0,   0,   0,   0,   0,   0,   0,   0,   0,   0,   0,  0,   2,   0,   0,   0,   0,   0,   0,   0,   0,   0,   0, 198,   0,  0,   0,   0,   0,   0,   0,   0,   0,   0,   0,   0,   0,   0,   0,  0,   0,   0,   0,   0,   0,   0,
mixed-twitch-ping-5s-350B,                                                                         0,   0,   0,   0,   0,   0,   0,   0,   0,   0,   0,   0,   0,   0,  0,   0,   0,   0,   0,   0,   0,   0,   0,   0,   0,   0,   0,   0,  0,   0,   0,   0,   0,   0,   0,   0,   0,   0,   0,   0,   0,   0,  0,   0,   0,   0,   0,   0,   0,   0,   0,   0,   2,   0,   0,   0,  0,   0,   0,   4,   0,   0,   0,   0,   0,   0,   0,   0,   1, 189,  4,   0,   0,   0,   0,   0,   0,   0,   0,   0,   0,   0,   0,   0,  0,   0,   0,   0,   0,   0,   0,
mixed-twitch-iperf-10K,                                                                            0,   0,   0,   0,   0,   0,   0,   0,   0,   0,   0,   0,   0,   0,  0,   0,   0,   0,   0,   0,   0,   0,   0,   0,   0,   0,   0,   0,  0,   0,   0,   0,   0,   0,   0,   0,   0,   0,   0,   0,   0,   0,  0,   0,   0,   0,   0,   0,   0,   0,   1,   0,   2,   0,   0,   0,  0,   0,   0,   2,   0,   0,   0,   0,   0,   0,   0,   0,   0,  10,  184,   0,   0,   0,   1,   0,   0,   0,   0,   0,   0,   0,   0,   0,  0,   0,   0,   0,   0,   0, 0,
tcp-curl-ftp-rand-data,                                                                            0,   0,   0,   0,   0,   0,   0,   0,   0,   0,   0,   0,   0,   0,  0,   0,   0,   0,   0,   0,   0,   0,   0,   0,   0,   0,   0,   0,  0,   0,   0,   0,   0,   0,   0,   0,   0,   0,   0,   0,   0,   0,  0,   0,   0,   0,   0,   0,   0,   0,   0,   0,   0,   0,   0,   0,  0,   0,   0,   0,   0,   0,   0,   0,   0,   0,   0,   0,   0,   0,  0, 200,   0,   0,   0,   0,   0,   0,   0,   0,   0,   0,   0,   0,  0,   0,   0,   0,   0,   0,   0,
tcp-curl-http-rand-data,                                                                           0,   0,   0,   0,   0,   0,   0,   0,   0,   0,   0,   0,   0,   0,  0,   0,   0,   0,   0,   0,   0,   0,   0,   0,   0,   0,   0,   0,  0,   0,   0,   0,   0,   0,   0,   0,   0,   0,   0,   0,   0,   0,  0,   0,   0,   0,   0,   0,   0,   0,   0,   0,   0,   0,   0,   0,  0,   0,   0,   0,   0,   0,   0,   0,   0,   0,   0,   0,   0,   0,  0,   0, 192,   8,   0,   0,   0,   0,   0,   0,   0,   0,   0,   0,  0,   0,   0,   0,   0,   0,   0,
tcp-wget-http-rand-data,                                                                           0,   0,   0,   0,   0,   0,   0,   0,   0,   0,   0,   0,   0,   0,  0,   0,   0,   0,   0,   0,   0,   0,   0,   0,   0,   0,   0,   0,  0,   0,   0,   0,   0,   0,   0,   0,   0,   0,   0,   0,   0,   0,  0,   0,   0,   0,   0,   0,   0,   0,   0,   0,   0,   0,   0,   0,  0,   0,   0,   0,   0,   0,   0,   0,   0,   0,   0,   0,   0,   0,  0,   0,   7, 193,   0,   0,   0,   0,   0,   0,   0,   0,   0,   0,  0,   0,   0,   0,   0,   0,   0,
curl-ftp-rand-data,                                                                                0,   0,   0,   0,   0,   0,   0,   0,   0,   0,   0,   0,   0,   0,  0,   0,   0,   0,   0,   0,   0,   0,   0,   0,   0,   0,   0,   0,  0,   0,   0,   0,   0,   0,   0,   0,   0,   0,   0,   0,   0,   0,  0,   0,   0,   0,   0,   0,   0,   0,   0,   0,   0,   0,   0,   0,  0,   0,   0,   0,   0,   0,   0,   0,   0,   0,   0,   0,   1,   0,  0,   0,   0,   0, 199,   0,   0,   0,   0,   0,   0,   0,   0,   0,  0,   0,   0,   0,   0,   0,   0,
tcp-twitch-view-home-reversed,                                                                     0,   0,   0,   0,   0,   0,   0,   0,   0,   0,   0,   0,   0,   0,  0,   0,   0,   0,   0,   0,   0,   0,   0,   0,   0,   0,   0,   0,  0,   0,   0,   0,   0,   0,   0,   0,   0,   0,   0,   0,   0,   0,  0,   0,   0,   0,   0,   0,   0,   0,   0,   0,   0,   0,   0,   0,  0,   0,   0,   0,   0,   0,   0,   0,   0,   0,   0,   0,   0,   0,  0,   0,   0,   0,   0, 190,   7,   0,   0,   0,   0,   0,   0,   1,  0,   2,   0,   0,   0,   0,   0,
tcp-twitch-basic-streamer-view-reversed,                                                           0,   0,   0,   0,   0,   0,   0,   0,   0,   0,   0,   0,   0,   0,  0,   0,   0,   0,   0,   0,   0,   0,   0,   0,   0,   0,   0,   0,  0,   0,   0,   0,   0,   0,   0,   0,   0,   0,   0,   0,   0,   0,  0,   0,   0,   0,   0,   0,   0,   0,   0,   0,   0,   0,   0,   0,  0,   0,   0,   0,   0,   0,   0,   0,   0,   0,   0,   0,   0,   0,  0,   0,   0,   0,   0,  10, 189,   0,   0,   0,   0,   0,   0,   0,  0,   1,   0,   0,   0,   0,   0,
tcp-true-ftp-rand-data,                                                                            0,   0,   0,   0,   0,   0,   0,   0,   0,   0,   0,   0,   0,   0,  0,   0,   0,   0,   0,   0,   0,   0,   0,   0,   0,   0,   0,   0,  0,   0,   0,   0,   0,   0,   0,   0,   0,   0,   0,   0,   0,   0,  0,   0,   0,   0,   0,   0,   0,   0,   0,   0,   0,   0,   0,   0,  0,   0,   0,   0,   0,   0,   0,   0,   0,   0,   0,   0,   0,   0,  0,   0,   0,   0,   0,   0,   0, 200,   0,   0,   0,   0,   0,   0,  0,   0,   0,   0,   0,   0,   0,
tcp-scp-rand-data,                                                                                 0,   0,   0,   0,   0,   0,   0,   0,   0,   0,   0,   0,   0,   0,  0,   0,   0,   0,   0,   0,   0,   0,   0,   0,   0,   0,   0,   0,  0,   0,   0,   0,   0,   0,   0,   0,   0,   0,   0,   0,   0,   0,  0,   0,   0,   0,   0,   0,   0,   0,   0,   0,   0,   0,   0,   0,  0,   0,   0,   0,   0,   0,   0,   0,   0,   0,   0,   0,   0,   0,  0,   0,   0,   0,   0,   0,   0,   0, 200,   0,   0,   0,   0,   0,  0,   0,   0,   0,   0,   0,   0,
tcp-rsync-rand-data,                                                                               0,   0,   0,   0,   0,   0,   0,   0,   0,   0,   0,   0,   0,   0,  0,   0,   0,   0,   0,   0,   0,   0,   0,   0,   0,   0,   0,   0,  0,   0,   0,   0,   0,   0,   0,   0,   0,   0,   0,   0,   0,   0,  0,   0,   0,   0,   0,   0,   0,   0,   0,   0,   0,   0,   0,   0,  0,   0,   0,   0,   0,   0,   0,   0,   0,   0,   0,   0,   0,   0,  0,   0,   0,   0,   0,   0,   0,   0,   0, 200,   0,   0,   0,   0,  0,   0,   0,   0,   0,   0,   0,
tcp-ping-5s-850B,                                                                                  0,   0,   0,   0,   0,   0,   0,   0,   0,   0,   0,   0,   0,   0,  0,   0,   0,   0,   0,   0,   0,   0,   0,   0,   0,   0,   0,   0,  0,   0,   0,   0,   0,   0,   0,   0,   0,   0,   0,   0,   0,   0,  0,   0,   0,   0,   0,   0,   0,   0,   0,   0,   0,   0,   0,   0,  0,   0,   0,   0,   0,   0,   0,   0,   0,   0,   0,   0,   0,   0,  0,   0,   0,   0,   0,   0,   0,   0,   0,   0, 191,   8,   1,   0,  0,   0,   0,   0,   0,   0,   0,
tcp-ping-5s-35B,                                                                                   0,   0,   0,   0,   0,   0,   0,   0,   0,   0,   0,   0,   0,   0,  0,   0,   0,   0,   0,   0,   0,   0,   0,   0,   0,   0,   0,   0,  0,   0,   0,   0,   0,   0,   0,   0,   0,   0,   0,   0,   0,   0,  0,   0,   0,   0,   0,   0,   0,   0,   0,   0,   0,   0,   0,   0,  0,   0,   0,   0,   0,   0,   0,   0,   0,   0,   0,   0,   0,   0,  0,   0,   0,   0,   0,   0,   0,   0,   0,   0,   6, 192,   1,   0,  0,   0,   0,   1,   0,   0,   0,
tcp-ping-2s-350B,                                                                                  0,   0,   0,   0,   0,   0,   0,   0,   0,   0,   0,   0,   0,   0,  0,   0,   0,   0,   0,   0,   0,   0,   0,   0,   0,   0,   0,   0,  0,   0,   0,   0,   0,   0,   0,   0,   0,   0,   0,   0,   0,   0,  0,   0,   0,   0,   0,   0,   0,   0,   0,   0,   0,   0,   0,   0,  0,   0,   0,   0,   0,   0,   0,   0,   0,   0,   0,   0,   0,   0,  0,   0,   0,   0,   0,   0,   0,   0,   0,   0,   1,   1, 197,   0,  0,   0,   0,   0,   0,   0,   0,
tcp-gtranslate-french-lorem-reversed,                                                              0,   0,   0,   0,   0,   0,   0,   0,   0,   0,   0,   0,   0,   0,  0,   0,   0,   0,   0,   0,   0,   0,   0,   0,   0,   0,   0,   0,  0,   0,   0,   0,   0,   0,   0,   0,   0,   0,   0,   0,   0,   0,  0,   0,   0,   0,   0,   0,   0,   0,   0,   0,   0,   0,   0,   0,  0,   0,   0,   0,   0,   0,   0,   0,   0,   0,   0,   0,   0,   0,  0,   0,   0,   0,   0,   1,   2,   0,   0,   0,   0,   0,   0, 187,  8,   2,   0,   0,   0,   0,   0,
tcp-gtranslate-basic-lorem-reversed,                                                               0,   0,   0,   0,   0,   0,   0,   0,   0,   0,   0,   0,   0,   0,  0,   0,   0,   0,   0,   0,   0,   0,   0,   0,   0,   0,   0,   0,  0,   0,   0,   0,   0,   0,   0,   0,   0,   0,   0,   0,   0,   0,  0,   0,   0,   0,   0,   0,   0,   0,   0,   0,   0,   0,   0,   0,  0,   0,   0,   0,   0,   0,   0,   0,   0,   0,   0,   0,   0,   0,  0,   0,   0,   0,   0,   0,   0,   0,   0,   0,   0,   0,   0,   7,  190,   3,   0,   0,   0,   0, 0,
tcp-google-basic-search-reversed,                                                                  0,   0,   0,   0,   0,   0,   0,   0,   0,   0,   0,   0,   0,   0,  0,   0,   0,   0,   0,   0,   0,   0,   0,   0,   0,   0,   0,   0,  0,   0,   0,   0,   0,   0,   0,   0,   0,   0,   0,   0,   0,   0,  0,   0,   0,   0,   0,   0,   0,   0,   0,   0,   0,   0,   0,   0,  0,   0,   0,   0,   0,   0,   0,   0,   0,   0,   0,   0,   0,   0,  0,   0,   0,   0,   0,   1,   2,   0,   0,   0,   0,   0,   0,   3,  0, 194,   0,   0,   0,   0,   0,
tcp-git-linux-from-github,                                                                         0,   0,   0,   0,   0,   0,   0,   0,   0,   0,   0,   0,   0,   0,  0,   0,   0,   0,   0,   0,   0,   0,   0,   0,   0,   0,   0,   0,  0,   0,   0,   0,   0,   0,   0,   0,   0,   0,   0,   0,   0,   0,  0,   0,   0,   0,   0,   0,   0,   0,   0,   0,   0,   0,   0,   0,  0,   0,   0,   0,   0,   0,   0,   0,   0,   0,   0,   0,   0,   0,  0,   0,   0,   0,   0,   0,   0,   0,   0,   0,   0,   0,   0,   0,  0,   0, 200,   0,   0,   0,   0,
tcp-curl-https-rand-data,                                                                          0,   0,   0,   0,   0,   0,   0,   0,   0,   0,   0,   0,   0,   0,  0,   0,   0,   0,   0,   0,   0,   0,   0,   0,   0,   0,   0,   0,  0,   0,   0,   0,   0,   0,   0,   0,   0,   0,   0,   0,   0,   0,  0,   0,   0,   0,   0,   0,   0,   0,   0,   0,   0,   0,   0,   0,  0,   0,   0,   0,   0,   0,   0,   0,   0,   0,   0,   0,   0,   0,  0,   0,   0,   0,   0,   0,   0,   0,   0,   0,   0,   2,   0,   0,  0,   0,   0, 195,   3,   0,   0,
tcp-wget-https-rand-data,                                                                          0,   0,   0,   0,   0,   0,   0,   0,   0,   0,   0,   0,   0,   0,  0,   0,   0,   0,   0,   0,   0,   0,   0,   0,   0,   0,   0,   0,  0,   0,   0,   0,   0,   0,   0,   0,   0,   0,   0,   0,   0,   0,  0,   0,   0,   0,   0,   0,   0,   0,   0,   0,   0,   0,   0,   0,  0,   0,   0,   0,   0,   0,   0,   0,   0,   0,   0,   0,   0,   0,  0,   0,   0,   0,   0,   0,   0,   0,   0,   0,   0,   2,   0,   0,  0,   0,   0,   2, 196,   0,   0,
tcp-astley-youtube-raw-reversed,                                                                   0,   0,   0,   0,   0,   0,   0,   0,   0,   0,   0,   0,   0,   0,  0,   0,   0,   0,   0,   0,   0,   0,   0,   0,   0,   0,   0,   0,  0,   0,   0,   0,   0,   0,   0,   0,   0,   0,   0,   0,   0,   0,  0,   0,   0,   0,   0,   0,   0,   0,   0,   0,   0,   0,   0,   0,  0,   0,   0,   0,   0,   0,   0,   0,   0,   0,   0,   0,   0,   0,  0,   0,   0,   0,   0,   0,   0,   0,   0,   0,   0,   0,   0,   0,  0,   0,   0,   0,   0, 200,   0,
tcp-wget-ftp-rand-data,                                                                           90,   0,   0,   8,   7,  18,  13,   2,   0,   0,   0,   0,   1,   0,  0,   0,   0,   0,   0,   0,   0,   0,   0,   0,   0,   0,   0,   0,  0,   0,   0,   0,   0,   0,   0,   0,   0,   0,   0,   0,   0,   0,  0,   0,   0,   0,   0,   0,   0,   0,   0,   0,   0,   0,   0,   0,  0,   0,   0,   0,   0,   0,   0,   0,   0,   0,   0,   0,   0,   0,  0,   0,   0,   0,   0,   0,   0,   0,   0,   0,   0,   0,   0,   0,  0,   0,   0,   0,   0,   0,  61,
