baseline,                                                                                        483,   0,   0,   7,   3,   1,   4,   1,   0,   0,   0,   4,   0,   5, 4,   1,   0,   0,   0,   0,   0,   0,   0,   0,   0,   0,   0,   0,  0,   0,   0,   0,   0,   0,   0,   0,   0,   0,   0,   0,   0,   0,  0,   0,   0,   0,   0,   0,   0,   0,   0,   0,   0,   0,   0,   0,  0,   0,   0,   0,   0,   0,   0,   0,   0,   0,   0,   0,   0,   0,  0,   0,   0,   0,   0,   0,   0,   0,   0,   0,   0,   0,   0,   0,  0,   0,   0,   0,   0,   0,   90,
gdocs-listen-to-writing-diff,                                                                      0, 183,   0,   0,   0,   0,   0,   0,   0,   0,   0,   0,   0,   1,  0,   0,   0,   0,   0,   0,   0,   0,   0,   1,   6,   2,   0,   1,  1,   1,   3,   0,   1,   0,   0,   0,   0,   0,   0,   0,   0,   0,  0,   0,   0,   0,   0,   0,   0,   0,   0,   0,   0,   0,   0,   0,  0,   0,   0,   0,   0,   0,   0,   0,   0,   0,   0,   0,   0,   0,  0,   0,   0,   0,   0,   0,   0,   0,   0,   0,   0,   0,   0,   0,  0,   0,   0,   0,   0,   0,   0,
wget-google,                                                                                       0,   0, 102,   0,   0,   0,   0,   0,   0,  98,   0,   0,   0,   0,  0,   0,   0,   0,   0,   0,   0,   0,   0,   0,   0,   0,   0,   0,  0,   0,   0,   0,   0,   0,   0,   0,   0,   0,   0,   0,   0,   0,  0,   0,   0,   0,   0,   0,   0,   0,   0,   0,   0,   0,   0,   0,  0,   0,   0,   0,   0,   0,   0,   0,   0,   0,   0,   0,   0,   0,  0,   0,   0,   0,   0,   0,   0,   0,   0,   0,   0,   0,   0,   0,  0,   0,   0,   0,   0,   0,   0,
wget-multiple,                                                                                     1,   0,   0, 168,   4,   9,   4,   4,   0,   0,   0,   3,   0,   4,  1,   0,   0,   0,   0,   0,   0,   0,   0,   0,   0,   0,   0,   0,  0,   0,   0,   0,   0,   0,   0,   0,   0,   0,   0,   0,   0,   0,  0,   0,   0,   0,   0,   0,   0,   0,   0,   0,   0,   0,   0,   0,  0,   0,   0,   0,   0,   0,   0,   0,   0,   0,   0,   0,   0,   0,  0,   0,   0,   0,   0,   0,   0,   0,   0,   0,   0,   0,   0,   0,  0,   0,   0,   0,   0,   0,   2,
regular-wget,                                                                                      7,   0,   0,   3, 159,   5,   5,   3,   0,   0,   0,   4,   0,   5,  7,   0,   0,   0,   0,   0,   0,   0,   0,   0,   0,   0,   0,   0,  0,   0,   0,   0,   0,   0,   0,   0,   0,   0,   0,   0,   0,   0,  0,   0,   0,   0,   0,   0,   0,   0,   0,   0,   0,   0,   0,   0,  0,   0,   0,   0,   0,   0,   0,   0,   0,   0,   0,   0,   0,   0,  0,   0,   0,   0,   0,   0,   0,   0,   0,   0,   0,   0,   0,   0,  0,   0,   0,   0,   0,   0,   2,
scp-linux,                                                                                         2,   0,   0,   4,   0, 173,   4,   3,   0,   0,   0,   3,   0,   2,  7,   0,   0,   0,   0,   0,   0,   0,   0,   0,   0,   0,   0,   0,  0,   0,   0,   0,   0,   0,   0,   0,   0,   0,   0,   0,   0,   0,  0,   0,   0,   0,   0,   0,   0,   0,   0,   0,   0,   0,   0,   0,  0,   0,   0,   0,   0,   0,   0,   0,   0,   0,   0,   0,   0,   0,  0,   0,   0,   0,   0,   0,   0,   0,   0,   0,   0,   0,   0,   0,  0,   0,   0,   0,   0,   0,   2,
wget-wikipedia,                                                                                    1,   0,   0,   4,   3,   3, 172,   1,   0,   0,   0,   4,   0,   4,  4,   0,   0,   0,   0,   0,   0,   0,   0,   0,   0,   0,   0,   0,  0,   0,   0,   0,   0,   0,   0,   0,   0,   0,   0,   0,   0,   0,  0,   0,   0,   0,   0,   0,   0,   0,   0,   0,   0,   0,   0,   0,  0,   0,   0,   0,   0,   0,   0,   0,   0,   0,   0,   0,   0,   0,  0,   0,   0,   0,   0,   0,   0,   0,   0,   0,   0,   0,   0,   0,  0,   0,   0,   0,   0,   0,   4,
facebook-default-route,                                                                            3,   0,   0,   3,   5,  10,   2, 165,   0,   0,   0,   2,   2,   2,  3,   0,   0,   0,   0,   0,   0,   0,   0,   0,   0,   0,   0,   0,  0,   0,   0,   0,   0,   0,   0,   0,   0,   0,   0,   0,   0,   0,  0,   0,   0,   0,   0,   0,   0,   0,   0,   0,   0,   0,   0,   0,  0,   0,   0,   0,   0,   0,   0,   0,   0,   0,   0,   0,   0,   0,  0,   0,   0,   0,   0,   0,   0,   0,   0,   0,   0,   0,   0,   0,  0,   0,   0,   0,   0,   0,   3,
iperf-1M,                                                                                         0,   0,   0,   0,   0,   0,   0,   0, 200,   0,   0,   0,   0,   0,  0,   0,   0,   0,   0,   0,   0,   0,   0,   0,   0,   0,   0,   0,  0,   0,   0,   0,   0,   0,   0,   0,   0,   0,   0,   0,   0,   0,  0,   0,   0,   0,   0,   0,   0,   0,   0,   0,   0,   0,   0,   0,  0,   0,   0,   0,   0,   0,   0,   0,   0,   0,   0,   0,   0,   0,  0,   0,   0,   0,   0,   0,   0,   0,   0,   0,   0,   0,   0,   0,  0,   0,   0,   0,   0,   0,   0,
iperf-100K,                                                                                        0,   0, 101,   0,   0,   0,   0,   0,   0,  99,   0,   0,   0,   0,  0,   0,   0,   0,   0,   0,   0,   0,   0,   0,   0,   0,   0,   0,  0,   0,   0,   0,   0,   0,   0,   0,   0,   0,   0,   0,   0,   0,  0,   0,   0,   0,   0,   0,   0,   0,   0,   0,   0,   0,   0,   0,  0,   0,   0,   0,   0,   0,   0,   0,   0,   0,   0,   0,   0,   0,  0,   0,   0,   0,   0,   0,   0,   0,   0,   0,   0,   0,   0,   0,  0,   0,   0,   0,   0,   0,   0,
iperf-10K,                                                                                         0,   0,   0,   0,   0,   0,   0,   0,   0,   0, 200,   0,   0,   0,  0,   0,   0,   0,   0,   0,   0,   0,   0,   0,   0,   0,   0,   0,  0,   0,   0,   0,   0,   0,   0,   0,   0,   0,   0,   0,   0,   0,  0,   0,   0,   0,   0,   0,   0,   0,   0,   0,   0,   0,   0,   0,  0,   0,   0,   0,   0,   0,   0,   0,   0,   0,   0,   0,   0,   0,  0,   0,   0,   0,   0,   0,   0,   0,   0,   0,   0,   0,   0,   0,  0,   0,   0,   0,   0,   0,   0,
ping-2s-15B,                                                                                       0,   0,   0,   3,   7,   2,   4,   3,   0,   0,   0, 167,   0,   3,  4,   1,   0,   0,   0,   0,   0,   0,   0,   0,   0,   0,   0,   0,  0,   0,   0,   0,   0,   0,   0,   0,   0,   0,   0,   0,   0,   0,  0,   0,   0,   0,   0,   0,   0,   0,   0,   0,   0,   0,   0,   2,  0,   0,   0,   0,   0,   0,   0,   0,   0,   0,   0,   0,   0,   0,  0,   0,   0,   0,   0,   0,   0,   0,   0,   0,   0,   0,   0,   0,  0,   0,   0,   0,   0,   0,   4,
ping-5s-35B,                                                                                       0,   0,   0,   0,   0,   0,   0,   0,   0,   0,   0,   1, 197,   1,  1,   0,   0,   0,   0,   0,   0,   0,   0,   0,   0,   0,   0,   0,  0,   0,   0,   0,   0,   0,   0,   0,   0,   0,   0,   0,   0,   0,  0,   0,   0,   0,   0,   0,   0,   0,   0,   0,   0,   0,   0,   0,  0,   0,   0,   0,   0,   0,   0,   0,   0,   0,   0,   0,   0,   0,  0,   0,   0,   0,   0,   0,   0,   0,   0,   0,   0,   0,   0,   0,  0,   0,   0,   0,   0,   0,   0,
ping-2s-350B,                                                                                      4,   0,   0,   4,   5,   6,   4,   1,   0,   0,   0,   3,   0, 168,  3,   0,   0,   0,   0,   0,   0,   0,   0,   0,   0,   0,   0,   0,  0,   0,   0,   0,   0,   0,   0,   0,   0,   0,   0,   0,   0,   0,  0,   0,   0,   0,   0,   0,   0,   0,   0,   0,   0,   0,   0,   0,  0,   0,   0,   0,   0,   0,   0,   0,   0,   0,   0,   0,   0,   0,  0,   0,   0,   0,   0,   0,   0,   0,   0,   0,   0,   0,   0,   0,  0,   0,   0,   0,   0,   0,   2,
ping-2s-850B,                                                                                      3,   0,   0,   9,   0,   5,   2,   0,   0,   0,   0,   4,   1,   6,  167,   0,   0,   0,   0,   0,   0,   0,   0,   0,   0,   0,   0,   0,  0,   0,   0,   0,   0,   0,   0,   0,   0,   0,   0,   0,   0,   0,  0,   0,   0,   0,   0,   0,   0,   0,   0,   0,   0,   0,   0,   0,  0,   0,   0,   0,   0,   0,   0,   0,   0,   0,   0,   0,   0,   0,  0,   0,   0,   0,   0,   0,   0,   0,   0,   0,   0,   0,   0,   0,  0,   0,   0,   0,   0,   0, 3,
ping-5s-350B,                                                                                      1,   0,   0,   0,   0,   0,   0,   0,   0,   0,   0,   0,   1,   0,  0, 198,   0,   0,   0,   0,   0,   0,   0,   0,   0,   0,   0,   0,  0,   0,   0,   0,   0,   0,   0,   0,   0,   0,   0,   0,   0,   0,  0,   0,   0,   0,   0,   0,   0,   0,   0,   0,   0,   0,   0,   0,  0,   0,   0,   0,   0,   0,   0,   0,   0,   0,   0,   0,   0,   0,  0,   0,   0,   0,   0,   0,   0,   0,   0,   0,   0,   0,   0,   0,  0,   0,   0,   0,   0,   0,   0,
ping-5s-850B,                                                                                      0,   0,   0,   1,   0,   0,   0,   0,   0,   0,   0,   0,   0,   0,  0,   0, 199,   0,   0,   0,   0,   0,   0,   0,   0,   0,   0,   0,  0,   0,   0,   0,   0,   0,   0,   0,   0,   0,   0,   0,   0,   0,  0,   0,   0,   0,   0,   0,   0,   0,   0,   0,   0,   0,   0,   0,  0,   0,   0,   0,   0,   0,   0,   0,   0,   0,   0,   0,   0,   0,  0,   0,   0,   0,   0,   0,   0,   0,   0,   0,   0,   0,   0,   0,  0,   0,   0,   0,   0,   0,   0,
f-iperf-30M-h-iperf-30M,                                                                           0,   0,   0,   0,   0,   0,   0,   0,   0,   0,   0,   0,   0,   0,  0,   0,   0, 200,   0,   0,   0,   0,   0,   0,   0,   0,   0,   0,  0,   0,   0,   0,   0,   0,   0,   0,   0,   0,   0,   0,   0,   0,  0,   0,   0,   0,   0,   0,   0,   0,   0,   0,   0,   0,   0,   0,  0,   0,   0,   0,   0,   0,   0,   0,   0,   0,   0,   0,   0,   0,  0,   0,   0,   0,   0,   0,   0,   0,   0,   0,   0,   0,   0,   0,  0,   0,   0,   0,   0,   0,   0,
f-iperf-40M-h-iperf-40M,                                                                           0,   0,   0,   0,   0,   0,   0,   0,   0,   0,   0,   0,   0,   0,  0,   0,   0,   0, 200,   0,   0,   0,   0,   0,   0,   0,   0,   0,  0,   0,   0,   0,   0,   0,   0,   0,   0,   0,   0,   0,   0,   0,  0,   0,   0,   0,   0,   0,   0,   0,   0,   0,   0,   0,   0,   0,  0,   0,   0,   0,   0,   0,   0,   0,   0,   0,   0,   0,   0,   0,  0,   0,   0,   0,   0,   0,   0,   0,   0,   0,   0,   0,   0,   0,  0,   0,   0,   0,   0,   0,   0,
f-ping-400B-3s-h-iperf-100M,                                                                       0,   0,   0,   0,   0,   0,   0,   0,   0,   0,   0,   0,   0,   0,  0,   0,   0,   0,   0,   0,   0,   0,   0,   0,   0,   0,   0,   0,  0,   0,   0,   0,   0,   0,   0,   0,   0,   0,   0,   0,   0,   0,  0,   0,   0,   0,   0,   0,   0,   0,   0,   0,   0,   0,   0,   0,  0,   0,   0,   0,   0,   0,   0,   0,   0,   0,   0,   0,   0,   0,  0,   0,   0,   0,   0,   0,   0,   0,   0,   0,   0,   0,   0,   0,  0,   0,   0,   0,   0,   0,   0,
f-ping-400B-3s-h-iperf-80M,                                                                        0,   0,   0,   0,   0,   0,   0,   0,   0,   0,   0,   0,   0,   0,  0,   0,   0,   0,   0,   0,   1,   0,   0,   0,   0,   0,   0,   0,  0,   0,   0,   0,   0,   0,   0,   0,   0,   0,   0,   0,   0,   0,  0,   0,   0,   0,   0,   0,   0,   0,   0,   0,   0,   0,   0,   0,  0,   0,   0,   0,   0,   0,   0,   0,   0,   0,   0,   0,   0,   0,  0,   0,   0,   0,   0,   0,   0,   0,   0,   0,   0,   0,   0,   0,  0,   0,   0,   0,   0,   0,   0,
amazon-add-to-cart,                                                                                0,   0,   0,   0,   0,   0,   0,   0,   0,   0,   0,   0,   0,   0,  0,   0,   0,   0,   0,   0,   0, 183,   3,   0,   0,   0,   0,   0,  1,   0,   0,   0,   0,   2,   4,   0,   0,   0,   0,   0,   3,   1,  0,   0,   0,   0,   0,   0,   1,   0,   0,   0,   0,   0,   0,   0,  0,   0,   0,   0,   1,   0,   0,   0,   0,   1,   0,   0,   0,   0,  0,   0,   0,   0,   0,   0,   0,   0,   0,   0,   0,   0,   0,   0,  0,   0,   0,   0,   0,   0,   0,
amazon-browse-front,                                                                               0,   0,   0,   0,   0,   0,   0,   0,   0,   0,   0,   0,   0,   0,  0,   0,   0,   0,   0,   0,   0,   6, 184,   0,   0,   0,   0,   0,  1,   0,   0,   1,   1,   2,   2,   0,   0,   0,   0,   0,   1,   0,  0,   0,   0,   0,   0,   0,   0,   0,   0,   0,   0,   0,   0,   0,  0,   0,   0,   0,   1,   0,   0,   0,   0,   0,   0,   0,   0,   0,  0,   0,   0,   0,   1,   0,   0,   0,   0,   0,   0,   0,   0,   0,  0,   0,   0,   0,   0,   0,   0,
gdocs-basic-writing,                                                                               0,   3,   0,   0,   0,   0,   0,   0,   0,   0,   0,   0,   0,   0,  0,   0,   0,   0,   0,   0,   0,   0,   0, 183,   8,   4,   0,   1,  0,   1,   0,   0,   0,   0,   0,   0,   0,   0,   0,   0,   0,   0,  0,   0,   0,   0,   0,   0,   0,   0,   0,   0,   0,   0,   0,   0,  0,   0,   0,   0,   0,   0,   0,   0,   0,   0,   0,   0,   0,   0,  0,   0,   0,   0,   0,   0,   0,   0,   0,   0,   0,   0,   0,   0,  0,   0,   0,   0,   0,   0,   0,
gdocs-listen-to-writing-same,                                                                      0,   2,   0,   0,   0,   0,   0,   0,   0,   1,   0,   0,   0,   0,  0,   0,   0,   0,   0,   0,   0,   0,   0,   6, 184,   3,   2,   0,  0,   1,   1,   0,   0,   0,   0,   0,   0,   0,   0,   0,   0,   0,  0,   0,   0,   0,   0,   0,   0,   0,   0,   0,   0,   0,   0,   0,  0,   0,   0,   0,   0,   0,   0,   0,   0,   0,   0,   0,   0,   0,  0,   0,   0,   0,   0,   0,   0,   0,   0,   0,   0,   0,   0,   0,  0,   0,   0,   0,   0,   0,   0,
gdocs-listen-\&-writing-diff,                                                                      0,   3,   0,   0,   0,   0,   0,   0,   0,   0,   0,   0,   0,   0,  0,   0,   0,   0,   0,   0,   0,   0,   0,   4,   2, 187,   0,   0,  0,   2,   1,   0,   0,   0,   0,   0,   0,   0,   0,   0,   0,   0,  0,   0,   0,   0,   0,   0,   0,   0,   0,   0,   0,   0,   0,   0,  0,   0,   1,   0,   0,   0,   0,   0,   0,   0,   0,   0,   0,   0,  0,   0,   0,   0,   0,   0,   0,   0,   0,   0,   0,   0,   0,   0,  0,   0,   0,   0,   0,   0,   0,
gmail-basic-recieving,                                                                             0,   2,   0,   1,   0,   0,   0,   0,   0,   0,   0,   0,   0,   0,  0,   0,   0,   0,   0,   0,   0,   0,   0,   1,   2,   0, 186,   6,  1,   0,   1,   0,   0,   0,   0,   0,   0,   0,   0,   0,   0,   0,  0,   0,   0,   0,   0,   0,   0,   0,   0,   0,   0,   0,   0,   0,  0,   0,   0,   0,   0,   0,   0,   0,   0,   0,   0,   0,   0,   0,  0,   0,   0,   0,   0,   0,   0,   0,   0,   0,   0,   0,   0,   0,  0,   0,   0,   0,   0,   0,   0,
gmail-basic-sending,                                                                               0,   0,   0,   0,   0,   0,   0,   0,   0,   0,   0,   0,   0,   0,  0,   0,   0,   0,   0,   0,   0,   0,   0,   0,   0,   1,   8, 187,  0,   0,   2,   0,   0,   0,   0,   0,   0,   0,   0,   0,   0,   0,  0,   0,   0,   0,   0,   0,   0,   0,   0,   0,   0,   0,   0,   0,  0,   0,   2,   0,   0,   0,   0,   0,   0,   0,   0,   0,   0,   0,  0,   0,   0,   0,   0,   0,   0,   0,   0,   0,   0,   0,   0,   0,  0,   0,   0,   0,   0,   0,   0,
astley-youtube-adblock,                                                                            0,   0,   0,   0,   0,   0,   0,   0,   0,   0,   0,   0,   0,   0,  0,   0,   0,   0,   0,   0,   0,   0,   0,   0,   0,   0,   0,   0,  200,   0,   0,   0,   0,   0,   0,   0,   0,   0,   0,   0,   0,   0,  0,   0,   0,   0,   0,   0,   0,   0,   0,   0,   0,   0,   0,   0,  0,   0,   0,   0,   0,   0,   0,   0,   0,   0,   0,   0,   0,   0,  0,   0,   0,   0,   0,   0,   0,   0,   0,   0,   0,   0,   0,   0,  0,   0,   0,   0,   0,   0, 0,
astley-youtube-raw,                                                                                0,   1,   0,   0,   0,   0,   0,   0,   0,   0,   0,   0,   0,   0,  0,   0,   0,   0,   0,   0,   0,   1,   0,   0,   3,   2,   1,   1,  2, 182,   3,   0,   1,   1,   2,   0,   0,   0,   0,   0,   0,   0,  0,   0,   0,   0,   0,   0,   0,   0,   0,   0,   0,   0,   0,   0,  0,   0,   0,   0,   0,   0,   0,   0,   0,   0,   0,   0,   0,   0,  0,   0,   0,   0,   0,   0,   0,   0,   0,   0,   0,   0,   0,   0,  0,   0,   0,   0,   0,   0,   0,
google-basic-search,                                                                               0,   1,   0,   0,   0,   0,   0,   0,   0,   0,   0,   0,   0,   0,  0,   0,   0,   0,   0,   0,   0,   0,   0,   2,   2,   1,   1,   2,  0,   0, 189,   0,   2,   0,   0,   0,   0,   0,   0,   0,   0,   0,  0,   0,   0,   0,   0,   0,   0,   0,   0,   0,   0,   0,   0,   0,  0,   0,   0,   0,   0,   0,   0,   0,   0,   0,   0,   0,   0,   0,  0,   0,   0,   0,   0,   0,   0,   0,   0,   0,   0,   0,   0,   0,  0,   0,   0,   0,   0,   0,   0,
gtranslate-basic-lorem,                                                                            0,   0,   0,   0,   0,   0,   0,   0,   0,   0,   1,   0,   0,   0,  0,   0,   0,   0,   0,   0,   0,   0,   0,   0,   0,   0,   0,   0,  0,   0,   3, 188,   7,   0,   0,   0,   0,   0,   0,   0,   0,   1,  0,   0,   0,   0,   0,   0,   0,   0,   0,   0,   0,   0,   0,   0,  0,   0,   0,   0,   0,   0,   0,   0,   0,   0,   0,   0,   0,   0,  0,   0,   0,   0,   0,   0,   0,   0,   0,   0,   0,   0,   0,   0,  0,   0,   0,   0,   0,   0,   0,
gtranslate-french-lorem,                                                                           0,   0,   0,   0,   0,   0,   0,   0,   0,   0,   0,   0,   0,   0,  0,   0,   0,   0,   0,   0,   0,   0,   0,   0,   0,   0,   0,   0,  0,   1,   1,   7, 191,   0,   0,   0,   0,   0,   0,   0,   0,   0,  0,   0,   0,   0,   0,   0,   0,   0,   0,   0,   0,   0,   0,   0,  0,   0,   0,   0,   0,   0,   0,   0,   0,   0,   0,   0,   0,   0,  0,   0,   0,   0,   0,   0,   0,   0,   0,   0,   0,   0,   0,   0,  0,   0,   0,   0,   0,   0,   0,
twitch-basic-streamer-view,                                                                        0,   0,   0,   0,   0,   0,   0,   0,   0,   0,   0,   0,   0,   1,  0,   0,   0,   0,   0,   0,   0,   2,   3,   0,   0,   0,   0,   1,  0,   1,   0,   0,   0, 185,   4,   0,   0,   0,   0,   0,   0,   0,  0,   0,   0,   0,   0,   0,   0,   0,   0,   0,   0,   0,   0,   0,  0,   0,   0,   0,   0,   0,   0,   0,   0,   1,   1,   0,   0,   0,  1,   0,   0,   0,   0,   0,   0,   0,   0,   0,   0,   0,   0,   0,  0,   0,   0,   0,   0,   0,   0,
twitch-view-home,                                                                                  0,   0,   0,   0,   0,   0,   0,   0,   0,   0,   0,   0,   0,   0,  0,   0,   0,   0,   0,   0,   0,   5,   2,   0,   1,   0,   0,   0,  4,   1,   0,   0,   0,   2, 184,   0,   0,   0,   0,   0,   1,   0,  0,   0,   0,   0,   0,   0,   0,   0,   0,   0,   0,   0,   0,   0,  0,   0,   0,   0,   0,   0,   0,   0,   0,   0,   0,   0,   0,   0,  0,   0,   0,   0,   0,   0,   0,   0,   0,   0,   0,   0,   0,   0,  0,   0,   0,   0,   0,   0,   0,
wget-multiple-reversed,                                                                            0,   0,   0,   0,   0,   0,   0,   0,   0,   0,   0,   0,   0,   0,  0,   0,   0,   0,   0,   0,   0,   0,   0,   0,   0,   0,   0,   0,  0,   0,   0,   0,   0,   0,   0, 169,   0,   0,   0,   6,   0,   0,  0,   0,   0,   0,   0,   6,   0,   0,   0,   0,   0,   0,   0,   0,  4,   0,   0,   0,   0,   8,   6,   0,   0,   0,   0,   0,   0,   0,  0,   0,   0,   0,   0,   0,   0,   0,   0,   0,   0,   0,   0,   0,  0,   0,   0,   0,   0,   0,   0,
amazon-add-to-cart-reverse,                                                                        0,   0,   0,   0,   0,   0,   0,   0,   0,   0,   0,   0,   0,   0,  0,   0,   0,   0,   0,   0,   0,   0,   1,   0,   0,   0,   0,   0,  0,   0,   0,   0,   0,   1,   0,   0, 182,   1,   2,   0,   0,   0,  1,   0,   0,   0,   2,   0,   2,   0,   0,   0,   2,   0,   0,   0,  0,   1,   0,   0,   0,   0,   0,   0,   1,   1,   2,   0,   0,   0,  0,   0,   0,   0,   1,   0,   0,   0,   0,   0,   0,   0,   0,   0,  0,   0,   0,   0,   0,   0,   0,
amazon-browse-front-reversed,                                                                      0,   0,   0,   0,   0,   0,   0,   0,   0,   0,   0,   0,   0,   0,  0,   0,   0,   0,   0,   0,   0,   0,   0,   0,   0,   0,   0,   0,  0,   0,   0,   0,   0,   0,   1,   0,   3, 181,   2,   0,   0,   0,  1,   0,   0,   2,   0,   0,   0,   0,   2,   2,   0,   0,   1,   0,  0,   0,   0,   0,   0,   0,   0,   1,   1,   1,   0,   0,   1,   0,  0,   0,   0,   0,   1,   0,   0,   0,   0,   0,   0,   0,   0,   0,  0,   0,   0,   0,   0,   0,   0,
astley-youtube-adblock-reversed,                                                                   0,   0,   0,   0,   0,   0,   0,   0,   0,   0,   0,   0,   0,   0,  0,   0,   0,   0,   0,   0,   0,   0,   0,   0,   0,   0,   0,   0,  0,   0,   0,   0,   0,   0,   0,   0,   0,   0, 197,   0,   0,   0,  0,   1,   0,   1,   0,   0,   0,   0,   0,   0,   0,   0,   0,   0,  0,   0,   0,   0,   0,   0,   0,   0,   0,   0,   0,   0,   1,   0,  0,   0,   0,   0,   0,   0,   0,   0,   0,   0,   0,   0,   0,   0,  0,   0,   0,   0,   0,   0,   0,
facebook-default-route-reversed,                                                                   0,   0,   0,   0,   0,   0,   0,   0,   0,   0,   0,   0,   0,   0,  0,   0,   0,   0,   0,   0,   0,   0,   0,   0,   0,   0,   0,   0,  0,   0,   0,   0,   0,   0,   0,   8,   0,   0,   0, 174,   0,   0,  0,   0,   0,   0,   0,   5,   0,   0,   0,   0,   0,   0,   0,   2,  3,   0,   0,   0,   0,   5,   3,   0,   0,   0,   0,   0,   0,   0,  0,   0,   0,   0,   0,   0,   0,   0,   0,   0,   0,   0,   0,   0,  0,   0,   0,   0,   0,   0,   0,
gdocs-basic-writing-reversed,                                                                      0,   0,   0,   0,   0,   0,   0,   0,   0,   0,   0,   0,   0,   0,  0,   0,   0,   0,   0,   0,   0,   0,   1,   0,   0,   1,   0,   1,  0,   0,   0,   0,   0,   0,   1,   0,   0,   0,   1,   0, 187,   4,  0,   2,   0,   1,   0,   0,   0,   0,   0,   0,   0,   0,   0,   0,  0,   0,   0,   0,   1,   0,   0,   0,   0,   0,   0,   0,   0,   0,  0,   0,   0,   0,   0,   0,   0,   0,   0,   0,   0,   0,   0,   0,  0,   0,   0,   0,   0,   0,   0,
gdocs-listen-to-writing-diff-reversed,                                                             0,   0,   0,   0,   0,   0,   0,   0,   0,   0,   0,   0,   0,   0,  0,   0,   0,   0,   0,   0,   0,   0,   1,   0,   0,   0,   0,   0,  1,   0,   0,   0,   0,   0,   2,   0,   0,   0,   0,   0,   9, 183,  0,   0,   0,   2,   0,   0,   0,   0,   0,   0,   1,   0,   0,   0,  0,   0,   0,   0,   0,   0,   0,   1,   0,   0,   0,   0,   0,   0,  0,   0,   0,   0,   0,   0,   0,   0,   0,   0,   0,   0,   0,   0,  0,   0,   0,   0,   0,   0,   0,
gmail-basic-recieving-reversed,                                                                    0,   0,   0,   0,   0,   0,   0,   0,   0,   0,   0,   0,   0,   0,  0,   0,   0,   0,   0,   0,   0,   0,   0,   0,   0,   0,   0,   0,  0,   0,   0,   0,   0,   0,   2,   0,   0,   0,   0,   0,   0,   1,  186,   9,   1,   0,   0,   0,   0,   0,   0,   0,   1,   0,   0,   0,  0,   0,   0,   0,   0,   0,   0,   0,   0,   0,   0,   0,   0,   0,  0,   0,   0,   0,   0,   0,   0,   0,   0,   0,   0,   0,   0,   0,  0,   0,   0,   0,   0,   0, 0,
gmail-basic-sending-reversed,                                                                      0,   1,   0,   0,   0,   0,   0,   0,   0,   0,   0,   0,   0,   0,  0,   0,   0,   0,   0,   0,   0,   0,   0,   0,   0,   0,   0,   0,  0,   0,   0,   0,   0,   0,   0,   0,   0,   1,   1,   0,   0,   1,  6, 186,   0,   0,   1,   0,   1,   0,   0,   0,   0,   0,   0,   0,  0,   0,   0,   0,   1,   0,   0,   0,   0,   0,   0,   0,   0,   0,  1,   0,   0,   0,   0,   0,   0,   0,   0,   0,   0,   0,   0,   0,  0,   0,   0,   0,   0,   0,   0,
google-basic-search-reversed,                                                                      0,   0,   0,   0,   0,   0,   0,   0,   0,   0,   0,   0,   0,   0,  0,   0,   0,   0,   0,   0,   0,   0,   0,   0,   0,   0,   0,   0,  0,   0,   0,   0,   0,   0,   0,   0,   0,   0,   0,   0,   0,   0,  2,   2, 194,   2,   0,   0,   0,   0,   0,   0,   0,   0,   0,   0,  0,   0,   0,   0,   0,   0,   0,   0,   0,   0,   0,   0,   0,   0,  0,   0,   0,   0,   0,   0,   0,   0,   0,   0,   0,   0,   0,   0,  0,   0,   0,   0,   0,   0,   0,
gtranslate-basic-lorem-reversed,                                                                   0,   0,   0,   0,   0,   0,   0,   0,   0,   0,   0,   0,   0,   0,  0,   0,   0,   0,   0,   0,   0,   1,   0,   0,   0,   0,   0,   0,  0,   0,   0,   0,   0,   0,   0,   0,   1,   0,   1,   0,   0,   0,  1,   0,   0, 187,   8,   0,   1,   0,   0,   0,   0,   0,   0,   0,  0,   0,   0,   0,   0,   0,   0,   0,   0,   0,   0,   0,   0,   0,  0,   0,   0,   0,   0,   0,   0,   0,   0,   0,   0,   0,   0,   0,  0,   0,   0,   0,   0,   0,   0,
gtranslate-french-lorem-reversed,                                                                  0,   0,   0,   0,   0,   0,   0,   0,   0,   0,   0,   0,   0,   0,  0,   0,   0,   0,   0,   0,   0,   0,   0,   0,   0,   0,   0,   0,  0,   0,   0,   0,   0,   1,   0,   0,   1,   0,   0,   0,   0,   0,  0,   2,   0,   5, 191,   0,   0,   0,   0,   0,   0,   0,   0,   0,  0,   0,   0,   0,   0,   0,   0,   0,   0,   0,   0,   0,   0,   0,  0,   0,   0,   0,   0,   0,   0,   0,   0,   0,   0,   0,   0,   0,  0,   0,   0,   0,   0,   0,   0,
wget-wikipedia-reversed,                                                                           0,   0,   0,   0,   0,   0,   0,   0,   0,   0,   0,   0,   0,   0,  0,   0,   0,   0,   0,   0,   0,   0,   0,   0,   0,   0,   0,   0,  0,   0,   0,   0,   0,   0,   0,   5,   0,   0,   0,   6,   0,   0,  0,   0,   0,   0,   0, 173,   0,   0,   0,   0,   0,   0,   0,   1,  2,   0,   0,   0,   0,   8,   5,   0,   0,   0,   0,   0,   0,   0,  0,   0,   0,   0,   0,   0,   0,   0,   0,   0,   0,   0,   0,   0,  0,   0,   0,   0,   0,   0,   0,
twitch-basic-streamer-view-reversed,                                                               0,   0,   0,   0,   0,   0,   0,   0,   0,   0,   0,   0,   0,   0,  0,   0,   0,   0,   0,   0,   0,   0,   0,   0,   0,   0,   0,   0,  0,   0,   0,   0,   0,   0,   0,   0,   0,   0,   3,   0,   0,   0,  0,   0,   0,   1,   0,   0, 186,   0,   0,   1,   3,   0,   0,   0,  0,   0,   0,   1,   0,   0,   0,   0,   0,   0,   0,   0,   1,   2,  1,   0,   0,   0,   0,   0,   0,   0,   0,   0,   0,   0,   0,   0,  0,   0,   0,   0,   0,   1,   0,
mixed-gdoc-basic-writing-youtube-ads,                                                              0,   0,   0,   0,   0,   0,   0,   0,   0,   0,   0,   0,   0,   0,  0,   0,   0,   0,   0,   0,   0,   0,   0,   0,   0,   0,   0,   0,  0,   0,   0,   0,   0,   0,   0,   0,   0,   1,   0,   0,   0,   0,  0,   0,   0,   0,   0,   1,   0, 192,   0,   2,   0,   0,   1,   0,  0,   0,   0,   2,   0,   0,   0,   0,   0,   0,   0,   0,   0,   1,  0,   0,   0,   0,   0,   0,   0,   0,   0,   0,   0,   0,   0,   0,  0,   0,   0,   0,   0,   0,   0,
mixed-scp-rsync,                                                                                   0,   0,   0,   0,   0,   0,   0,   0,   0,   0,   0,   0,   0,   0,  0,   0,   0,   0,   0,   0,   0,   0,   0,   0,   0,   0,   0,   0,  0,   0,   0,   0,   0,   0,   0,   0,   1,   0,   0,   0,   0,   0,  0,   0,   0,   0,   0,   0,   0,   0, 193,   0,   0,   0,   0,   0,  0,   1,   0,   0,   0,   0,   0,   0,   0,   2,   2,   1,   0,   0,  0,   0,   0,   0,   0,   0,   0,   0,   0,   0,   0,   0,   0,   0,  0,   0,   0,   0,   0,   0,   0,
mixed-twitch-curl-https,                                                                           0,   0,   0,   0,   0,   0,   0,   0,   0,   0,   0,   0,   0,   0,  0,   0,   0,   0,   0,   0,   0,   0,   0,   0,   0,   0,   0,   0,  0,   0,   0,   0,   0,   0,   0,   0,   0,   1,   0,   0,   0,   0,  0,   1,   1,   0,   1,   0,   2,   1,   0, 182,   0,   0,   0,   0,  0,   1,   0,   1,   0,   0,   0,   1,   1,   0,   1,   0,   2,   1,  2,   0,   0,   0,   1,   0,   0,   0,   0,   0,   0,   0,   0,   0,  0,   0,   0,   0,   0,   0,   0,
mixed-twitch-iperf-100K,                                                                           0,   0,   0,   0,   0,   0,   0,   0,   0,   0,   0,   0,   0,   0,  0,   0,   0,   0,   0,   0,   0,   0,   0,   0,   0,   0,   0,   0,  0,   0,   0,   0,   0,   0,   0,   0,   0,   0,   0,   0,   0,   0,  1,   0,   0,   0,   0,   0,   1,   3,   0,   1, 180,   0,   0,   0,  0,   0,   0,   3,   0,   0,   0,   0,   0,   0,   0,   0,   0,   5,  6,   0,   0,   0,   0,   0,   0,   0,   0,   0,   0,   0,   0,   0,  0,   0,   0,   0,   0,   0,   0,
mixed-stutter-wget-ftp-large-scp,                                                                  0,   0,   0,   0,   0,   0,   0,   0,   0,   0,   0,   0,   0,   0,  0,   2,   1,   0,   0,   0,   0,   0,   0,   0,   0,   0,   0,   0,  0,   0,   1,   0,   0,   0,   0,   0,   0,   0,   0,   0,   0,   0,  0,   0,   0,   0,   0,   0,   0,   1,   0,   0,   0, 183,   0,   0,  0,   0,  10,   0,   0,   1,   0,   0,   0,   0,   0,   0,   0,   0,  0,   0,   0,   0,   0,   0,   0,   0,   0,   0,   0,   0,   0,   0,  0,   0,   0,   0,   0,   0,   0,
mixed-twitch-wget-ftp-large,                                                                       0,   0,   0,   0,   0,   0,   0,   0,   0,   0,   0,   0,   0,   0,  0,   0,   0,   0,   0,   0,   0,   0,   0,   0,   0,   0,   0,   0,  0,   0,   0,   0,   0,   0,   0,   0,   0,   0,   1,   0,   0,   0,  0,   0,   0,   0,   0,   0,   1,   1,   1,   1,   2,   0, 190,   0,  0,   0,   0,   0,   0,   0,   0,   0,   0,   0,   0,   0,   0,   2,  1,   0,   0,   0,   0,   0,   0,   0,   0,   0,   0,   0,   0,   0,  0,   0,   0,   0,   0,   0,   0,
mixed-wget-ftp-large-wget-short,                                                                   0,   0,   0,   0,   0,   0,   0,   0,   0,   0,   0,   0,   0,   0,  0,   0,   0,   0,   0,   0,   0,   0,   0,   0,   0,   0,   0,   0,  0,   0,   0,   0,   0,   0,   0,   0,   0,   0,   0,   1,   0,   0,  0,   0,   0,   0,   0,   0,   0,   0,   0,   0,   0,   0,   0, 194,  3,   0,   1,   0,   0,   1,   0,   0,   0,   0,   0,   0,   0,   0,  0,   0,   0,   0,   0,   0,   0,   0,   0,   0,   0,   0,   0,   0,  0,   0,   0,   0,   0,   0,   0,
mixed-wget-https-large-wget-short,                                                                 0,   0,   0,   0,   0,   0,   0,   0,   0,   0,   0,   0,   0,   0,  0,   0,   0,   0,   0,   0,   0,   0,   0,   0,   0,   0,   0,   0,  0,   0,   0,   0,   0,   0,   0,   3,   0,   0,   0,   5,   0,   0,  0,   0,   0,   0,   0,   3,   0,   0,   0,   0,   0,   0,   0,   2,  174,   0,   0,   0,   0,   6,   7,   0,   0,   0,   0,   0,   0,   0,  0,   0,   0,   0,   0,   0,   0,   0,   0,   0,   0,   0,   0,   0,  0,   0,   0,   0,   0,   0, 0,
mixed-stutter-wget-ftp-large-youtube,                                                              0,   0,   0,   0,   0,   0,   0,   0,   0,   0,   0,   0,   0,   0,  0,   0,   0,   0,   0,   0,   0,   0,   1,   0,   0,   0,   0,   0,  0,   0,   0,   0,   0,   0,   0,   0,   0,   0,   0,   0,   0,   2,  0,   0,   0,   0,   0,   0,   1,   0,   1,   0,   0,   0,   0,   0,  0, 191,   0,   0,   0,   0,   0,   0,   0,   0,   0,   0,   1,   0,  0,   0,   0,   0,   3,   0,   0,   0,   0,   0,   0,   0,   0,   0,  0,   0,   0,   0,   0,   0,   0,
mixed-twitch-ping-2s-350B,                                                                         0,   0,   0,   0,   0,   0,   0,   0,   0,   0,   0,   0,   0,   0,  0,   0,   0,   0,   0,   0,   0,   0,   0,   0,   0,   0,   0,   1,  0,   0,   0,   0,   3,   0,   0,   0,   0,   0,   0,   0,   0,   0,  0,   0,   0,   0,   0,   0,   0,   0,   0,   0,   0,   8,   0,   0,  0,   0, 188,   0,   0,   0,   0,   0,   0,   0,   0,   0,   0,   0,  0,   0,   0,   0,   0,   0,   0,   0,   0,   0,   0,   0,   0,   0,  0,   0,   0,   0,   0,   0,   0,
mixed-stutter-wget-ftp-large-gdocs,                                                                0,   0,   0,   0,   0,   0,   0,   0,   0,   0,   0,   0,   0,   0,  0,   0,   0,   0,   0,   0,   0,   0,   0,   0,   0,   0,   0,   0,  0,   0,   0,   0,   0,   1,   0,   0,   0,   0,   0,   0,   0,   0,  0,   1,   0,   0,   0,   1,   0,   2,   0,   0,   3,   0,   2,   0,  0,   0,   0, 184,   0,   0,   0,   0,   0,   0,   0,   0,   1,   2,  3,   0,   0,   0,   0,   0,   0,   0,   0,   0,   0,   0,   0,   0,  0,   0,   0,   0,   0,   0,   0,
true-ftp-rand-data,                                                                                0,   0,   0,   0,   0,   0,   0,   0,   0,   0,   0,   0,   0,   0,  0,   0,   0,   0,   0,   0,   0,   0,   0,   0,   0,   0,   0,   0,  0,   0,   0,   0,   0,   1,   0,   0,   0,   0,   0,   0,   0,   0,  1,   1,   0,   0,   0,   0,   1,   0,   0,   0,   0,   0,   0,   0,  0,   0,   0,   0, 195,   0,   0,   0,   0,   0,   1,   0,   0,   0,  0,   0,   0,   0,   0,   0,   0,   0,   0,   0,   0,   0,   0,   0,  0,   0,   0,   0,   0,   0,   0,
curl-https-rand-data,                                                                              0,   0,   0,   0,   0,   0,   0,   0,   0,   0,   0,   0,   0,   0,  0,   0,   0,   0,   0,   0,   0,   0,   0,   0,   0,   0,   0,   0,  0,   0,   0,   0,   0,   0,   0,   6,   0,   0,   0,   2,   0,   0,  0,   0,   0,   0,   0,   8,   0,   0,   0,   0,   0,   0,   0,   0,  3,   0,   0,   0,   0, 171,  10,   0,   0,   0,   0,   0,   0,   0,  0,   0,   0,   0,   0,   0,   0,   0,   0,   0,   0,   0,   0,   0,  0,   0,   0,   0,   0,   0,   0,
wget-https-rand-data,                                                                              0,   0,   0,   0,   0,   0,   0,   0,   0,   0,   0,   0,   0,   0,  0,   0,   0,   0,   0,   0,   0,   0,   0,   0,   0,   0,   0,   0,  0,   0,   0,   0,   0,   0,   0,   2,   0,   0,   0,   3,   0,   0,  0,   0,   0,   0,   0,   6,   0,   0,   0,   0,   0,   0,   0,   1,  4,   0,   0,   0,   0,   7, 177,   0,   0,   0,   0,   0,   0,   0,  0,   0,   0,   0,   0,   0,   0,   0,   0,   0,   0,   0,   0,   0,  0,   0,   0,   0,   0,   0,   0,
curl-http-rand-data,                                                                               0,   0,   0,   0,   0,   0,   0,   0,   0,   0,   0,   0,   0,   0,  0,   0,   0,   0,   0,   0,   0,   1,   0,   0,   0,   0,   0,   0,  0,   0,   0,   0,   0,   0,   0,   0,   0,   0,   1,   0,   1,   0,  0,   0,   0,   0,   0,   0,   0,   1,   0,   0,   0,   1,   0,   0,  0,   1,   0,   0,   0,   0,   0, 184,   6,   1,   0,   1,   1,   0,  0,   0,   0,   0,   0,   0,   0,   0,   0,   0,   0,   0,   0,   0,  0,   0,   0,   0,   0,   0,   0,
wget-http-rand-data,                                                                               0,   0,   0,   0,   0,   0,   0,   0,   0,   0,   0,   0,   0,   0,  0,   0,   0,   0,   0,   0,   0,   1,   0,   0,   0,   0,   0,   0,  0,   0,   0,   0,   0,   0,   0,   0,   0,   0,   0,   0,   0,   0,  0,   0,   0,   0,   0,   0,   0,   0,   0,   0,   0,   0,   0,   0,  0,   1,   0,   0,   0,   0,   0,   6, 188,   0,   3,   0,   1,   0,  0,   0,   0,   0,   0,   0,   0,   0,   0,   0,   0,   0,   0,   0,  0,   0,   0,   0,   0,   0,   0,
git-linux-from-github,                                                                             0,   0,   0,   0,   0,   0,   0,   0,   0,   0,   0,   0,   0,   0,  0,   0,   0,   0,   0,   0,   0,   0,   0,   0,   0,   0,   0,   0,  0,   0,   0,   0,   0,   0,   0,   0,   0,   0,   0,   0,   0,   1,  0,   1,   0,   0,   0,   0,   0,   0,   0,   0,   0,   2,   0,   0,  0,   2,   1,   0,   1,   0,   0,   1,   0, 184,   1,   1,   2,   0,  0,   0,   0,   0,   3,   0,   0,   0,   0,   0,   0,   0,   0,   0,  0,   0,   0,   0,   0,   0,   0,
rsync-rand-data,                                                                                   0,   0,   0,   0,   0,   0,   0,   0,   0,   0,   0,   0,   0,   0,  0,   0,   0,   0,   0,   0,   0,   0,   0,   0,   0,   0,   0,   0,  0,   0,   0,   0,   0,   0,   0,   0,   0,   1,   0,   0,   0,   1,  0,   0,   1,   0,   0,   0,   0,   0,   0,   0,   0,   0,   0,   0,  0,   0,   0,   0,   0,   0,   0,   0,   1,   1, 195,   0,   0,   0,  0,   0,   0,   0,   0,   0,   0,   0,   0,   0,   0,   0,   0,   0,  0,   0,   0,   0,   0,   0,   0,
scp-rand-data,                                                                                     0,   0,   0,   0,   0,   0,   0,   0,   0,   0,   0,   0,   0,   0,  0,   0,   0,   0,   0,   0,   0,   0,   0,   0,   0,   0,   0,   0,  0,   0,   0,   0,   0,   1,   1,   0,   1,   0,   0,   0,   0,   0,  0,   0,   0,   0,   0,   0,   0,   1,   0,   0,   0,   0,   0,   0,  0,   0,   0,   0,   0,   0,   0,   1,   1,   0,   0, 192,   1,   0,  0,   0,   0,   0,   1,   0,   0,   0,   0,   0,   0,   0,   0,   0,  0,   0,   0,   0,   0,   0,   0,
wget-ftp-rand-data,                                                                                0,   0,   0,   0,   0,   0,   0,   0,   0,   0,   0,   0,   0,   0,  0,   0,   0,   0,   0,   0,   0,   0,   0,   0,   0,   0,   0,   0,  0,   0,   0,   0,   0,   0,   0,   0,   1,   0,   0,   0,   0,   0,  0,   0,   0,   0,   0,   0,   0,   0,   0,   0,   0,   1,   1,   0,  0,   1,   0,   0,   0,   0,   0,   0,   2,   3,   2,   1, 188,   0,  0,   0,   0,   0,   0,   0,   0,   0,   0,   0,   0,   0,   0,   0,  0,   0,   0,   0,   0,   0,   0,
mixed-twitch-ping-5s-350B,                                                                         0,   0,   0,   0,   0,   0,   0,   0,   0,   0,   0,   0,   0,   0,  0,   0,   0,   0,   0,   0,   0,   0,   0,   0,   0,   0,   0,   0,  0,   0,   0,   0,   0,   0,   0,   0,   1,   0,   1,   0,   0,   0,  0,   0,   0,   0,   0,   1,   2,   3,   0,   0,   2,   0,   2,   0,  0,   0,   0,   3,   0,   0,   0,   0,   0,   0,   0,   0,   0, 182,  3,   0,   0,   0,   0,   0,   0,   0,   0,   0,   0,   0,   0,   0,  0,   0,   0,   0,   0,   0,   0,
mixed-twitch-iperf-10K,                                                                            0,   0,   0,   0,   0,   0,   0,   0,   0,   0,   0,   0,   0,   0,  0,   0,   0,   0,   0,   0,   0,   0,   0,   0,   0,   0,   0,   0,  0,   0,   0,   0,   0,   0,   0,   0,   0,   0,   0,   0,   0,   0,  0,   1,   0,   0,   0,   0,   1,   0,   0,   2,   4,   0,   2,   0,  0,   0,   0,   1,   0,   0,   0,   0,   0,   0,   0,   0,   0,   4,  185,   0,   0,   0,   0,   0,   0,   0,   0,   0,   0,   0,   0,   0,  0,   0,   0,   0,   0,   0, 0,
tcp-curl-ftp-rand-data,                                                                            0,   0,   0,   0,   0,   0,   0,   0,   0,   0,   0,   0,   0,   0,  0,   0,   0,   0,   0,   0,   0,   0,   0,   0,   0,   0,   0,   0,  0,   0,   0,   0,   0,   0,   0,   0,   0,   0,   0,   0,   0,   0,  0,   0,   0,   0,   0,   0,   0,   0,   0,   0,   0,   0,   0,   0,  0,   0,   0,   0,   0,   0,   0,   0,   0,   0,   0,   0,   0,   0,  0, 199,   1,   0,   0,   0,   0,   0,   0,   0,   0,   0,   0,   0,  0,   0,   0,   0,   0,   0,   0,
tcp-curl-http-rand-data,                                                                           0,   0,   0,   0,   0,   0,   0,   0,   0,   0,   0,   0,   0,   0,  0,   0,   0,   0,   0,   0,   0,   0,   0,   0,   0,   0,   0,   0,  0,   0,   0,   0,   0,   0,   0,   0,   0,   0,   0,   0,   0,   0,  0,   0,   0,   0,   0,   0,   0,   0,   0,   0,   0,   0,   0,   0,  0,   0,   0,   0,   0,   0,   0,   0,   0,   0,   0,   0,   0,   0,  0,   1, 188,   7,   0,   0,   0,   2,   0,   0,   0,   0,   0,   0,  0,   0,   1,   1,   0,   0,   0,
tcp-wget-http-rand-data,                                                                           0,   0,   0,   0,   0,   0,   0,   0,   0,   0,   0,   0,   0,   0,  0,   0,   0,   0,   0,   0,   0,   0,   0,   0,   0,   0,   0,   0,  0,   0,   0,   0,   0,   0,   0,   0,   0,   0,   0,   0,   0,   0,  0,   0,   0,   0,   0,   0,   0,   0,   0,   0,   0,   0,   0,   0,  0,   0,   0,   0,   0,   0,   0,   0,   0,   0,   0,   0,   0,   0,  0,   0,   3, 195,   0,   0,   0,   0,   0,   1,   0,   0,   0,   0,  0,   0,   1,   0,   0,   0,   0,
curl-ftp-rand-data,                                                                                0,   0,   0,   0,   0,   0,   0,   0,   0,   0,   0,   0,   0,   0,  0,   0,   0,   0,   0,   0,   0,   0,   0,   0,   0,   0,   0,   0,  0,   0,   0,   0,   0,   0,   0,   0,   0,   2,   2,   0,   0,   0,  0,   0,   1,   0,   0,   0,   0,   0,   1,   0,   0,   0,   0,   0,  0,   2,   0,   0,   1,   0,   0,   1,   2,   1,   0,   2,   1,   0,  0,   0,   0,   0, 184,   0,   0,   0,   0,   0,   0,   0,   0,   0,  0,   0,   0,   0,   0,   0,   0,
tcp-twitch-view-home-reversed,                                                                     0,   0,   0,   0,   0,   0,   0,   0,   0,   0,   0,   0,   0,   0,  0,   0,   0,   0,   0,   0,   0,   0,   0,   0,   0,   0,   0,   0,  0,   0,   0,   0,   0,   0,   0,   0,   0,   0,   0,   0,   0,   0,  0,   0,   0,   0,   0,   0,   0,   0,   0,   0,   0,   0,   0,   0,  0,   0,   0,   0,   0,   0,   0,   0,   0,   0,   0,   0,   0,   0,  0,   0,   0,   0,   0, 189,   1,   0,   0,   1,   1,   0,   0,   1,  0,   4,   0,   1,   0,   2,   0,
tcp-twitch-basic-streamer-view-reversed,                                                           0,   0,   0,   0,   0,   0,   0,   0,   0,   0,   0,   0,   0,   0,  0,   0,   0,   0,   0,   0,   0,   0,   0,   0,   0,   0,   0,   0,  0,   0,   0,   0,   0,   0,   0,   0,   0,   0,   0,   0,   0,   0,  0,   0,   0,   0,   0,   0,   0,   0,   0,   0,   0,   0,   0,   0,  0,   0,   0,   0,   0,   0,   0,   0,   0,   0,   0,   0,   0,   0,  0,   0,   0,   0,   0,   0, 196,   0,   0,   0,   0,   0,   0,   0,  0,   1,   2,   0,   0,   1,   0,
tcp-true-ftp-rand-data,                                                                            0,   0,   0,   0,   0,   0,   0,   0,   0,   0,   0,   0,   0,   0,  0,   0,   0,   0,   0,   0,   0,   0,   0,   0,   0,   0,   0,   0,  0,   0,   0,   0,   0,   0,   0,   0,   0,   0,   0,   0,   0,   0,  0,   0,   0,   0,   0,   0,   0,   0,   0,   0,   0,   0,   0,   0,  0,   0,   0,   0,   0,   0,   0,   0,   0,   0,   0,   0,   0,   0,  0,   1,   0,   0,   0,   0,   0, 198,   0,   0,   0,   0,   0,   0,  0,   0,   0,   1,   0,   0,   0,
tcp-scp-rand-data,                                                                                 0,   0,   0,   0,   0,   0,   0,   0,   0,   0,   0,   0,   0,   0,  0,   0,   0,   0,   0,   0,   0,   0,   0,   0,   0,   0,   0,   0,  0,   0,   0,   0,   0,   0,   0,   0,   0,   0,   0,   0,   0,   0,  0,   0,   0,   0,   0,   0,   0,   0,   0,   0,   0,   0,   0,   0,  0,   0,   0,   0,   0,   0,   0,   0,   0,   0,   0,   0,   0,   0,  0,   0,   0,   0,   0,   0,   0,   0, 200,   0,   0,   0,   0,   0,  0,   0,   0,   0,   0,   0,   0,
tcp-rsync-rand-data,                                                                               0,   0,   0,   0,   0,   0,   0,   0,   0,   0,   0,   0,   0,   0,  0,   0,   0,   0,   0,   0,   0,   0,   0,   0,   0,   0,   0,   0,  0,   0,   0,   0,   0,   0,   0,   0,   0,   0,   0,   0,   0,   0,  0,   0,   0,   0,   0,   0,   0,   0,   0,   0,   0,   0,   0,   0,  0,   0,   0,   0,   0,   0,   0,   0,   0,   0,   0,   0,   0,   0,  0,   0,   0,   1,   0,   0,   0,   0,   0, 197,   0,   0,   0,   0,  0,   0,   2,   0,   0,   0,   0,
tcp-ping-5s-850B,                                                                                  0,   0,   0,   0,   0,   0,   0,   0,   0,   0,   0,   0,   0,   0,  0,   0,   0,   0,   0,   0,   0,   0,   0,   0,   0,   0,   0,   0,  0,   0,   0,   0,   0,   0,   0,   0,   0,   0,   0,   0,   0,   0,  0,   0,   0,   0,   0,   0,   0,   0,   0,   0,   0,   0,   0,   0,  0,   0,   0,   0,   0,   0,   0,   0,   0,   0,   0,   0,   0,   0,  0,   0,   0,   0,   0,   0,   0,   0,   0,   0, 186,   5,   8,   0,  0,   0,   0,   1,   0,   0,   0,
tcp-ping-5s-35B,                                                                                   0,   0,   0,   0,   0,   0,   0,   0,   0,   0,   0,   0,   0,   0,  0,   0,   0,   0,   0,   0,   0,   0,   0,   0,   0,   0,   0,   0,  0,   0,   0,   0,   0,   0,   0,   0,   0,   0,   0,   0,   0,   0,  0,   0,   0,   0,   0,   0,   0,   0,   0,   0,   0,   0,   0,   0,  0,   0,   0,   0,   0,   0,   0,   0,   0,   0,   0,   0,   0,   0,  0,   0,   0,   0,   0,   0,   0,   0,   0,   1,   6, 186,   5,   1,  0,   0,   0,   1,   0,   0,   0,
tcp-ping-2s-350B,                                                                                  0,   0,   0,   0,   0,   0,   0,   0,   0,   0,   0,   0,   0,   0,  0,   0,   0,   0,   0,   0,   0,   0,   0,   0,   0,   0,   0,   0,  0,   0,   0,   0,   0,   0,   0,   0,   0,   0,   0,   0,   0,   0,  0,   0,   0,   0,   0,   0,   0,   0,   0,   0,   0,   0,   0,   0,  0,   0,   0,   0,   0,   0,   0,   0,   0,   0,   0,   0,   0,   0,  0,   0,   0,   0,   0,   0,   0,   0,   0,   1,   6,   5, 186,   0,  0,   0,   0,   0,   1,   0,   0,
tcp-gtranslate-french-lorem-reversed,                                                              0,   0,   0,   0,   0,   0,   0,   0,   0,   0,   0,   0,   0,   0,  0,   0,   0,   0,   0,   0,   0,   0,   0,   0,   0,   0,   0,   0,  0,   0,   0,   0,   0,   0,   0,   0,   0,   0,   0,   0,   0,   0,  0,   0,   0,   0,   0,   0,   0,   0,   0,   0,   0,   0,   0,   0,  0,   0,   0,   0,   0,   0,   0,   0,   0,   0,   0,   0,   0,   0,  0,   0,   0,   0,   0,   1,   0,   0,   0,   0,   0,   0,   0, 185,  10,   3,   0,   0,   0,   1,  0,
tcp-gtranslate-basic-lorem-reversed,                                                               0,   0,   0,   0,   0,   0,   0,   0,   0,   0,   0,   0,   0,   0,  0,   0,   0,   0,   0,   0,   0,   0,   0,   0,   0,   0,   0,   0,  0,   0,   0,   0,   0,   0,   0,   0,   0,   0,   0,   0,   0,   0,  0,   0,   0,   0,   0,   0,   0,   0,   0,   0,   0,   0,   0,   0,  0,   0,   0,   0,   0,   0,   0,   0,   0,   0,   0,   0,   0,   0,  0,   0,   0,   0,   0,   3,   0,   0,   0,   0,   0,   0,   0,   3,  189,   4,   0,   0,   0,   1, 0,
tcp-google-basic-search-reversed,                                                                  0,   0,   0,   0,   0,   0,   0,   0,   0,   0,   0,   0,   0,   0,  0,   0,   0,   0,   0,   0,   0,   0,   0,   0,   0,   0,   0,   0,  0,   0,   0,   0,   0,   0,   0,   0,   0,   0,   0,   0,   0,   0,  0,   0,   0,   0,   0,   0,   0,   0,   0,   0,   0,   0,   0,   0,  0,   0,   0,   0,   0,   0,   0,   0,   0,   0,   0,   0,   0,   0,  0,   0,   0,   0,   0,   2,   0,   0,   0,   0,   1,   0,   0,   5,  4, 185,   0,   0,   0,   3,   0,
tcp-git-linux-from-github,                                                                         0,   0,   0,   0,   0,   0,   0,   0,   0,   0,   0,   0,   0,   0,  0,   0,   0,   0,   0,   0,   0,   0,   0,   0,   0,   0,   0,   0,  0,   0,   0,   0,   0,   0,   0,   0,   0,   0,   0,   0,   0,   0,  0,   0,   0,   0,   0,   0,   0,   0,   0,   0,   0,   0,   0,   0,  0,   0,   0,   0,   0,   0,   0,   0,   0,   0,   0,   0,   0,   0,  0,   0,   1,   0,   0,   1,   0,   0,   0,   2,   0,   0,   0,   0,  1,   0, 193,   0,   0,   2,   0,
tcp-curl-https-rand-data,                                                                          0,   0,   0,   0,   0,   0,   0,   0,   0,   0,   0,   0,   0,   0,  0,   0,   0,   0,   0,   0,   0,   0,   0,   0,   0,   0,   0,   0,  0,   0,   0,   0,   0,   0,   0,   0,   0,   0,   0,   0,   0,   0,  0,   0,   0,   0,   0,   0,   0,   0,   0,   0,   0,   0,   0,   0,  0,   0,   0,   0,   0,   0,   0,   0,   0,   0,   0,   0,   0,   0,  0,   0,   0,   0,   0,   0,   0,   1,   0,   3,   1,   1,   0,   0,  0,   0,   0, 194,   0,   0,   0,
tcp-wget-https-rand-data,                                                                          0,   0,   0,   0,   0,   0,   0,   0,   0,   0,   0,   0,   0,   0,  0,   0,   0,   0,   0,   0,   0,   0,   0,   0,   0,   0,   0,   0,  0,   0,   0,   0,   0,   0,   0,   0,   0,   0,   0,   0,   0,   0,  0,   0,   0,   0,   0,   0,   0,   0,   0,   0,   0,   0,   0,   0,  0,   0,   0,   0,   0,   0,   0,   0,   0,   0,   0,   0,   0,   0,  0,   1,   0,   0,   0,   0,   0,   0,   0,   0,   0,   2,   0,   0,  0,   0,   0,   0, 197,   0,   0,
tcp-astley-youtube-raw-reversed,                                                                   0,   0,   0,   0,   0,   0,   0,   0,   0,   0,   0,   0,   0,   0,  0,   0,   0,   0,   0,   0,   0,   0,   0,   0,   0,   0,   0,   0,  0,   0,   0,   0,   0,   0,   0,   0,   0,   0,   0,   0,   0,   0,  0,   0,   0,   0,   0,   0,   0,   0,   0,   0,   0,   0,   0,   0,  0,   0,   0,   0,   0,   0,   0,   0,   0,   0,   0,   0,   0,   0,  0,   0,   0,   0,   0,   1,   2,   0,   0,   0,   0,   0,   0,   0,  0,   0,   2,   1,   0, 194,   0,
tcp-wget-ftp-rand-data,                                                                           80,   0,   0,   7,   3,   1,   4,   1,   0,   0,   0,   4,   0,   5,  4,   1,   0,   0,   0,   0,   0,   0,   0,   0,   0,   0,   0,   0,  0,   0,   0,   0,   0,   0,   0,   0,   0,   0,   0,   0,   0,   0,  0,   0,   0,   0,   0,   0,   0,   0,   0,   0,   0,   0,   0,   0,  0,   0,   0,   0,   0,   0,   0,   0,   0,   0,   0,   0,   0,   0,  0,   0,   0,   0,   0,   0,   0,   0,   0,   0,   0,   0,   0,   0,  0,   0,   0,   0,   0,   0,  90,
